{"current":{"animations_reveal_on_scroll":true,"general_layout":"custom","cus_w_bd":1400,"body_bg":"#000000","body_bg_image":"shopify:\/\/shop_images\/TDG_Background.png","body_bg_repeat":"default","body_bg_size":"default","body_bg_attachment":"default","body_bg_position":"center_ op","use_rtl":"2","header_design":"inline","logo_svg":"","logo":"shopify:\/\/shop_images\/Barcana_Logo_2023_Mono_W.png","logo_width":180,"logos":"shopify:\/\/shop_images\/kalles.png","logos_width":180,"logo_mb":"shopify:\/\/shop_images\/jbn.jpg","logo_mb_width":200,"logo_tr":"shopify:\/\/shop_images\/header-logo-01.png","logo_tr_width":180,"mobile_nav_type":"3","only_icon":false,"heading_color":"#ffffff","text_color":"#ffffff","accent_color":"#da9d12","secondary_color":"#ebc878","border_color":"#da9d12","border_primary_color":"#da9d12","price_primary":"#ffffff","price_secondary":"#ebc878","link_color":"#ebc878","link_color_hover":"#da9d12","btn_bg":"#ebc878","cl_lazyload":"#ebc878","btn_radius":0,"font_source":"2","fnt_fm_sp2":"poppins_n4","fnt_fm_sp3":"libre_baskerville_n4","fnt_fm_gg1":"Cinzel","fnt_fm_gg2":"Be Vietnam Pro","fnt_fm_gg3":"Be Vietnam Pro","bd_ffamily":"2","bd_fsize":17,"bd_fweight":100,"hd_ffamily":"1","fs_h4":20,"fs_h5":18,"fs_h6":17,"hd_fweight":400,"hd_lspacing":2,"enable_compe":false,"app_review":"2","badge_shape":"2","label_sale_style":"2","use_new_badge":false,"use_preorder_badge":true,"sale_badge_color":"#fa0000","new_badge_color":"#ebc878","placeholder_img":"shopify:\/\/shop_images\/Decorating_Basics_11.png","type_qv":"2","enable_rating":true,"show_qty":true,"pr_border_style":"1","enable_pr_color":true,"swatch_item_style":"1","show_color_type":"1","enable_pr_size":false,"pr_img_effect":"2","enable_shadow_round_img":true,"pr_curent":"3","use_group_media":true,"use_change_variant_by_img":true,"enable_his":true,"use_incoming_mess":true,"variant_remove":"2","use_notify_me":false,"share_source":"1","free_ship_pr":"free-shipping-amount","des_shipbar":"19","des_shipbar_cl_2":"#b59677","gift_wrap_pr":"gift-wrapping","link_ship":"shopify:\/\/pages\/shipping-policy","link_conditions":"shopify:\/\/pages\/terms-and-conditions","privacy_policy_link":"shopify:\/\/pages\/privacy-policy","login_side":false,"return_login":"\/","filter_type_search":false,"only_search_prs":true,"search_types":"sidebar_hidden","unavailable_prs":"hide","show_search_suggest":false,"search_prs_suggest":"clothing","show_search_hotkey":false,"currency_code_enabled":true,"currency_type":"1","size_currency":"sm","round_currency":false,"notify_currency":true,"hover_currency":false,"colors_css":false,"t4s_custom_css":true,"global_css":".j_icon--account { width: 20px; height: 20px;}\n.j_t4s-pr {display: flex;\n    align-items: flex-end;\n    column-gap: 5px;}\n\n.j_btn {\n  border: 1px solid;\n  padding: 3px 10px;\n  font-weight: 600;\n}\n\n.j_btn-clr {  \npadding: 3px 10px;\n    font-weight: 600;\n    color: #EC0101;\n    background: white; }\n\n.t4s-account-nav { background: white; color: black; }\n.t4s-account-content-inner {background: white; color: black; padding: 20px; margin-bottom: 20px;}\n.t4s-account-content-inner  h2  {color: black;}\n.t4s-account-content-inner2 {background: white; color: black; padding: 20px;}\n.t4s-account-content {color: black;}\n\n.j_with-bg { \n    text-align: left; background: white; color: black; padding: 20px; margin-bottom: 10px;}\n.j_with-bg h2 { color: black;}\n.t4s_title_addresses { color: black; margin: 10px;}\n\n.t4s-customer {margin-top: 0;}\n.t4s-page-section-heading  {margin-bottom: 10px;} \nli[data-address] {margin-top: 0;}\n\n.t4s-drawer { border: solid white;}\n.t4s-mini_cart__tool { background: white;  }\n\n.add-to-quote {width:100%; padding: 10px; color: white; background: none;; border: 2px solid; cursor: pointer; font-weight: 500;}\n\n.t4s-dropdown__sortby .t4s-dropdown__content button {color: black !important;}\n\n.t4s-mini_cart-tool__wrap, input#CartDiscountcode, #CartSpecialInstructions {color: black;}\n\n.four13-sub { font-size: 13px; }\n.t4s-type_mn_link .t4s-sub-column li a {\n  font-size: 14px !important;\n  padding: 5px 0 !important;\n}\n.t4s-type__drop>.t4s-sub-menu a {\n  font-size: 14px !important;\n  padding: 10px 10px !important;\n}\n\n.four13_home-collection {display: flex; flex-direction: row; flex-wrap: wrap;justify-content: center; column-gap: 20px;row-gap: 20px;}\n\n.four13_home-collection-item {flex: 0 0 23%; }\n\n.t4s-type__drop>.t4s-sub-menu { border: 1px solid #E2CD97;}\n\n.shopify-installments {\n    margin-top: 0;\n    margin-bottom: 0;\n    font-size: 13px !important;\n    text-align: center !important;\n}\n\n#t4s-search-hidden input.t4s-mini-search__input:not([type=submit]):not([type=checkbox]) {color: black !important;}\n\nshopify-payment-terms {\n    display: none;\n}","mobile_css":".four13_home-collection-item {\n    flex: auto;\n}\n\n.t4s-product .t4s-product-title { font-size: 14px;   line-height: 17px;}\n.t4s-product .t4s-product-price { font-size: 14px;   line-height: 17px;}\n\n.t4s-product__price-review .t4s-price-stock-border__true {flex-direction: column; align-items: flex-start !important;}","share_tumblr":true,"share_telegram":true,"share_whatsapp":false,"social_facebook_link":"https:\/\/www.facebook.com\/thedecorgroup\/","social_twitter_link":"","social_instagram_link":"https:\/\/www.instagram.com\/thedecorgroup\/","social_dribbble_link":"","social_linkedin_link":"https:\/\/www.linkedin.com\/company\/the-decor-group","social_pinterest_link":"","social_tumblr_link":"","social_snapchat_link":"","social_youtube_link":"","social_vimeo_link":"","social_behance_link":"","social_soundcloud_link":"","social_tiktok_link":"","social_spotify_link":"","favicon":"shopify:\/\/shop_images\/Barcana_Logo_2023_Pantone_FAVICON_BLCK.png","favicon_apple":"shopify:\/\/shop_images\/cropped-icon-150x150.png","checkout_logo_image":"shopify:\/\/shop_images\/Barcana_Logo_2023_Mono_W.png","checkout_body_background_color":"#000000","checkout_sidebar_background_color":"#f5f5f5","checkout_accent_color":"#da9d12","checkout_button_color":"#da9d12","loading_bar_color":"#b59677","pr_incoming_mess":true,"use_vimg":true,"sticky_atc":true,"fnt_fm_button":"1","sections":{"footer-bottom":{"type":"footer-bottom","blocks":{"2433b4f1-5bdc-49a9-ba42-a51f4eb6d8e3":{"type":"bl_col","settings":{"col_heading":"","menu":"","menu_style":"1","col_dk":"12","col_dk_w":"33.33333","col_tb":"12","col_dk_w_tb":"33.33333","col_mb":"12","content_align":"center","padding_inner":"","content_align_tb":"center","padding_inner_tb":"","col_heading_mobile":"","content_align_mb":"center","padding_inner_mb":""}},"b3c6ceca-2d54-4a14-b482-bb86cbf25f08":{"type":"copyR","settings":{"text":"All Rights Reserved © [year] <a href=\"\/\" class=\"t4s-color-accent\">The Decor Group<\/a>\n\n<p style=\"font-weight: 100;\"> Disclaimer: Actual products may differ due to greenery size, dressing arrangement, variance in construction, fluffing, lighting, or differences in printer and display technologies. Some images are digital renderings and may contain additional decor options. All types of promotions, product details, and overall offerings can change or be canceled at anytime without notice or compensation. All discounts are \"off base price\". Information is deemed reliable but not guaranteed.<\/p>","mgb":0,"mgb_tb":0,"mgb_mb":0}}},"block_order":["2433b4f1-5bdc-49a9-ba42-a51f4eb6d8e3","b3c6ceca-2d54-4a14-b482-bb86cbf25f08"],"settings":{"border_top":false,"border_pos":"in","space_h_item":"30","space_v_item":"0","space_h_item_tb":"15","space_v_item_tb":"15","space_h_item_mb":"0","space_v_item_mb":"0","heading_fontf":"inherit","heading_fs":16,"heading_lh":22,"heading_fw":500,"heading_ls":0,"mgb":30,"mgb_tb":30,"mgb_mb":20,"text_fs":14,"text_fw":400,"heading_cl":"#ffffff","text_cl":"#ffffff","link_cl":"#ffffff","link_hover_cl":"#c7894b","bg_overlay":"#000000","bg_overlay_op":0,"border_cl":"#e6e6e6","layout":"t4s-container-wrap","cl_bg":"#222222","cl_bg_gradient":"","mg":"","pd":"20px,,5px,","mg_tb":"","pd_tb":"","mg_mb":"","pd_mb":"20px,,5px,"}},"footer":{"type":"footer","blocks":{"footer-0":{"type":"bl_col","settings":{"col_heading":"","menu":"","menu_style":"1","col_dk":"3","col_dk_w":"33.33333","col_tb":"6","col_dk_w_tb":"33.33333","col_mb":"12","content_align":"start","padding_inner":"","content_align_tb":"start","padding_inner_tb":"","col_heading_mobile":"GET IN TOUCH","content_align_mb":"start","padding_inner_mb":""}},"de84a111-3ed0-40a2-b86a-1e81488e9bff":{"type":"image","settings":{"image_child":"shopify:\/\/shop_images\/Barcana_Logo_2023_Mono_W.png","img_width":200,"img_width_tb":200,"img_width_mb":150,"img_link":"","hidden_mobile":false,"mgb":34,"mgb_tb":20,"mgb_mb":24}},"footer-2":{"type":"html","settings":{"html_content":"<p style=\"color:#fff;display:flex;\"><svg style=\"width: 24px;height: 24px;vertical-align: middle\" viewbox=\"0 0 32 32\" width=\"32\" height=\"32\"><path fill=\"currentColor\" d=\"M 16.001 1.072 c 5.291 0 9.596 4.305 9.596 9.597 c 0 1.683 -0.446 3.341 -1.29 4.799 l -8.307 14.394 l -8.308 -14.395 c -0.843 -1.456 -1.289 -3.115 -1.289 -4.798 c 0 -5.292 4.305 -9.597 9.597 -9.597 Z M 16.001 14.4 c 2.058 0 3.731 -1.674 3.731 -3.731 s -1.674 -3.731 -3.731 -3.731 c -2.058 0 -3.732 1.674 -3.732 3.731 s 1.674 3.731 3.732 3.731 Z M 16.001 0.006 c -5.889 0 -10.663 4.775 -10.663 10.663 c 0 1.945 0.523 3.762 1.432 5.332 l 9.23 15.994 l 9.23 -15.994 c 0.909 -1.57 1.432 -3.387 1.432 -5.332 c 0 -5.888 -4.774 -10.663 -10.662 -10.663 v 0 Z M 16.001 13.334 c -1.472 0 -2.666 -1.193 -2.666 -2.665 c 0 -1.471 1.194 -2.665 2.666 -2.665 s 2.665 1.194 2.665 2.665 c 0 1.472 -1.193 2.665 -2.665 2.665 v 0 Z\"><\/path><\/svg><span style=\"margin: 0 5px\">2301 Crown Ct <br>Irving, Texas 75038  <\/span><\/p>\n<p style=\"color:#fff;display:flex;\"><a href=\"mailto:info@thedecorgroup.com\"><svg style=\"width: 24px;height: 24px;vertical-align: middle\" viewbox=\"0 0 32 32\" width=\"32\" height=\"32\"><path fill=\"currentColor\" d=\"M 28.244 7.47 h -25.572 v 17.06 h 26.656 v -17.06 h -1.084 Z M 27.177 8.536 l -10.298 10.298 c -0.47 0.47 -1.289 0.47 -1.759 0 l -10.3 -10.298 h 22.356 Z M 3.738 8.961 l 6.923 6.922 l -6.923 6.923 v -13.846 Z M 4.589 23.464 l 6.827 -6.826 l 2.951 2.95 c 0.436 0.436 1.016 0.677 1.633 0.677 s 1.197 -0.241 1.633 -0.677 l 2.951 -2.951 l 6.826 6.826 h -22.822 Z M 28.262 22.807 l -6.923 -6.924 l 6.923 -6.924 v 13.848 Z\"><\/path><\/svg><span style=\"margin: 0 5px\">info@thedecorgroup.com<\/span><\/a><\/p> \n<p style=\"color:#fff;display:flex;\"><a href=\"tel:+19724271181\"><svg style=\"width: 24px;height: 24px;vertical-align: middle\" viewbox=\"0 0 32 32\" width=\"32\" height=\"32\"><path fill=\"currentColor\" d=\"M 23.407 30.394 c -2.431 0 -8.341 -3.109 -13.303 -9.783 c -4.641 -6.242 -6.898 -10.751 -6.898 -13.785 c 0 -2.389 1.65 -3.529 2.536 -4.142 l 0.219 -0.153 c 0.979 -0.7 2.502 -0.927 3.086 -0.927 c 1.024 0 1.455 0.599 1.716 1.121 c 0.222 0.442 2.061 4.39 2.247 4.881 c 0.286 0.755 0.192 1.855 -0.692 2.488 l -0.155 0.108 c -0.439 0.304 -1.255 0.869 -1.368 1.557 c -0.055 0.334 0.057 0.684 0.342 1.068 c 1.423 1.918 5.968 7.55 6.787 8.314 c 0.642 0.6 1.455 0.685 2.009 0.218 c 0.573 -0.483 0.828 -0.768 0.83 -0.772 l 0.059 -0.057 c 0.048 -0.041 0.496 -0.396 1.228 -0.396 c 0.528 0 1.065 0.182 1.596 0.541 c 1.378 0.931 4.487 3.011 4.487 3.011 l 0.05 0.038 c 0.398 0.341 0.973 1.323 0.302 2.601 c -0.695 1.327 -2.85 4.066 -5.079 4.066 Z M 9.046 2.672 c -0.505 0 -1.746 0.213 -2.466 0.728 l -0.232 0.162 c -0.827 0.572 -2.076 1.435 -2.076 3.265 c 0 2.797 2.188 7.098 6.687 13.149 c 4.914 6.609 10.532 9.353 12.447 9.353 c 1.629 0 3.497 -2.276 4.135 -3.494 c 0.392 -0.748 0.071 -1.17 -0.04 -1.284 c -0.36 -0.241 -3.164 -2.117 -4.453 -2.988 c -0.351 -0.238 -0.688 -0.358 -0.999 -0.358 c -0.283 0 -0.469 0.1 -0.532 0.14 c -0.104 0.111 -0.39 0.405 -0.899 0.833 c -0.951 0.801 -2.398 0.704 -3.424 -0.254 c -0.923 -0.862 -5.585 -6.666 -6.916 -8.459 c -0.46 -0.62 -0.641 -1.252 -0.538 -1.877 c 0.187 -1.133 1.245 -1.866 1.813 -2.26 l 0.142 -0.099 c 0.508 -0.363 0.4 -1.02 0.316 -1.242 c -0.157 -0.414 -1.973 -4.322 -2.203 -4.781 c -0.188 -0.376 -0.336 -0.533 -0.764 -0.533 Z\"><\/path><\/svg><span style=\"margin: 0 5px\">972-427-1181<\/span><\/a><\/p>\n<style>.t4s-text-pl__30{padding-inline-start:30px;}<\/style>","hidden_mobile":false}},"footer-4":{"type":"bl_col","settings":{"col_heading":"STORE HOURS","menu":"","menu_style":"1","col_dk":"3","col_dk_w":"33.33333","col_tb":"6","col_dk_w_tb":"33.33333","col_mb":"12","content_align":"start","padding_inner":"5px,0,0,0","content_align_tb":"start","padding_inner_tb":"","col_heading_mobile":"","content_align_mb":"start","padding_inner_mb":""}},"html_3GD764":{"type":"html","settings":{"html_content":"Mon - Fri: 8am - 5pm\n<br>\n​​Saturday: Closed\n<br>\n​Sunday: Closed\n<br><br>","hidden_mobile":false}},"footer-3":{"type":"cus_socials","settings":{"title":"","social_mode":"1","social_style":"3","social_size":"small","bd_radius":0,"use_color_set":true,"icon_cl":"#ffffff","bg_cl":"#ebc878","space_h_item":"20","space_v_item":"5","space_h_item_mb":"20","space_v_item_mb":"2","mgb":0}},"footer-6":{"type":"bl_col","settings":{"col_heading":"INFORMATION","menu":"information","menu_style":"1","col_dk":"3","col_dk_w":"33.33333","col_tb":"6","col_dk_w_tb":"33.33333","col_mb":"12","content_align":"start","padding_inner":"5px,0,0,0","content_align_tb":"start","padding_inner_tb":"","col_heading_mobile":"","content_align_mb":"start","padding_inner_mb":""}},"footer-8":{"type":"bl_col","settings":{"col_heading":"USEFUL LINKS","menu":"useful-links","menu_style":"1","col_dk":"3","col_dk_w":"33.33333","col_tb":"6","col_dk_w_tb":"33.33333","col_mb":"12","content_align":"start","padding_inner":"5px,0,0,0","content_align_tb":"start","padding_inner_tb":"","col_heading_mobile":"","content_align_mb":"start","padding_inner_mb":""}}},"block_order":["footer-0","de84a111-3ed0-40a2-b86a-1e81488e9bff","footer-2","footer-4","html_3GD764","footer-3","footer-6","footer-8"],"custom_css":["a {display: flex; align-items: center;}"],"settings":{"sticky":false,"collapse":true,"border_top":true,"border_pos":"full","space_h_item":"30","space_v_item":"30","space_h_item_tb":"15","space_v_item_tb":"15","space_h_item_mb":"0","space_v_item_mb":"30","heading_fontf":"inherit","heading_fs":16,"heading_lh":22,"heading_fw":500,"heading_ls":2,"mgb":30,"mgb_tb":30,"mgb_mb":20,"text_fs":14,"text_fw":400,"heading_cl":"#ffffff","text_cl":"#ffffff","link_cl":"#ffffff","link_hover_cl":"#b59677","border_cl":"#da9d12","bg_overlay":"#000000","bg_overlay_op":0,"layout":"t4s-container-wrap","cl_bg":"#000000","cl_bg_gradient":"","mg":"","pd":"80px,,75px,","mg_tb":"","pd_tb":"","mg_mb":"","pd_mb":"45px,,45px,"}},"announcement-bar":{"type":"announcement-bar","blocks":{"announcement-bar-0":{"type":"announcement","settings":{"link":"","content":"<p>Today deal sale off <strong>70%<\/strong>. End in <strong>[countdown]<\/strong>. Hurry Up [icon_arrow]<\/p>","adding_border":false,"countdown":"2023\/12\/26","txt_day":"days","dayx":0}},"announcement-bar-1":{"type":"announcement","settings":{"link":"","content":"<p>Today deal sale off <strong>70%<\/strong>. End in <strong>[countdown]<\/strong>. Hurry Up [icon_arrow]<\/p>","adding_border":false,"countdown":"2023\/12\/26","txt_day":"days","dayx":0}},"announcement-bar-2":{"type":"announcement","settings":{"link":"","content":"<p>Today deal sale off <strong>70%<\/strong>. End in <strong>[countdown]<\/strong>. Hurry Up [icon_arrow]<\/p>","adding_border":false,"countdown":"2023\/12\/26","txt_day":"days","dayx":0}}},"block_order":["announcement-bar-0","announcement-bar-1","announcement-bar-2"],"settings":{"show_announcement":false,"design":"slider","effect":"1","au_time":3.5,"speed":15,"pause_when_hover":false,"direction":"rtl","height":45,"fontsize":12,"cl":"#ffffff","bg":"#e91e63","bg_op":100,"close":"1","cl_btn":"#ffffff","version":"1","date":60}},"top-bar":{"type":"top-bar","blocks":{"html_mrG4at":{"type":"html","settings":{"html":"<a href=\"\/pages\/quotation-list\" class=\"j_btn\"> REQUEST A QUOTE<\/a>","hide":true,"text_align":"start","col":"4"}},"b7e96bb9-e8b3-4ccf-862d-a5f5896a3a60":{"type":"text","settings":{"text":"","adding_border":false,"countdown":"2023\/12\/26","txt_day":"days","dayx":0,"effect":"fade t4s-slide-eff-translate","au_time":2.5,"fw_bold":600,"cl_a":"#ffffff","cl_bold":"#000000","cl_a_tr":"#ffffff","cl_bold_tr":"#b59677","hide":false,"text_align":"center","col":"4"}},"liquid_Jn7qcf":{"type":"liquid","settings":{"custom_liquid":"{% render 'four13_customer' %}","col":"4","text_align":"end","hide":false}}},"block_order":["html_mrG4at","b7e96bb9-e8b3-4ccf-862d-a5f5896a3a60","liquid_Jn7qcf"],"custom_css":[],"settings":{"show_topbar":true,"topbar_transparent":false,"height":20,"fontsize":15,"cl":"#000000","cl_a_hover":"#000000","bg":"#ebc878","bg_op":100,"show_border":false,"bd_cl":"#000000","cl_tr":"#ffffff","cl_a_hover_tr":"#b59677","bg_tr":"#000000","bg_op_tr":10,"show_border_tr":false,"bd_cl_tr":"#b3b3b3"}},"header-inline":{"type":"header-inline","blocks":{"drop_h7wefP":{"type":"drop","settings":{"title":"Bargains","url":"shopify:\/\/collections\/bargains","open_link":"_self","menu":"wholesale-bargains","icon":"","cus_cl":true,"cl":"","lb":"","lb_cl":"","lazy_mn":true,"pos_sub":"bottom","pos":"left"}},"drop_hYk6qL":{"type":"drop","settings":{"title":"New Products","url":"shopify:\/\/collections\/new-products","open_link":"_self","menu":"wholesale-new-products","icon":"","cus_cl":false,"cl":"","lb":"","lb_cl":"","lazy_mn":true,"pos_sub":"bottom","pos":"left"}},"mega_TrB4e7":{"type":"mega","settings":{"title":"Product Category","url":"","open_link":"_self","icon":"","cus_cl":false,"cl":"","lb":"","lb_cl":"#00badb","pos_sub":"bottom","wid":"cus","cus_wid":1200,"id":1,"enable_packery":true,"r_s_h_item":"20","r_s_v_item":"30"}},"base_97LznC":{"type":"base","disabled":true,"settings":{"title":"Catalogs","url":"\/","open_link":"_self","icon":"","cus_cl":false,"cl":"#ec0101","lb":"","lb_cl":""}},"base_8FCBNE":{"type":"base","settings":{"title":"About Us","url":"shopify:\/\/pages\/about-us","open_link":"_self","icon":"","cus_cl":false,"cl":"#ec0101","lb":"","lb_cl":""}},"base_iJe8cb":{"type":"base","settings":{"title":"Contact Us","url":"shopify:\/\/pages\/contact","open_link":"_self","icon":"","cus_cl":false,"cl":"#ec0101","lb":"","lb_cl":""}}},"block_order":["drop_h7wefP","drop_hYk6qL","mega_TrB4e7","base_97LznC","base_8FCBNE","base_iJe8cb"],"custom_css":[],"settings":{"layout":"logo_left","full_header":false,"height":70,"arrow":true,"align":"center","hover":"hover_sideup","enable_active":false,"h_navmb":70,"bgnav":"#000000","opnav":100,"clnav":"#ffffff","clnav_hover":"#ebc878","h_icon":"kalles","hover_icon":"2","show_search":true,"show_acc":true,"show_wis":true,"cart_des":"1","bg_hc":"#ebc878","cl_hc":"#000000","sticky_header":true,"scroll_header":true,"bgnavst":"#000000","opnavst":100,"clnavst":"#ffffff","clnavst_hover":"#ebc878","transparent_header":false,"space_transparent_header":false,"bgnavtr":"#000000","opnavtr":40,"clnavtr":"#ffffff","clnavtr_hover":"#b59677","source":"1","txt":"<p>Welcome to our store!<\/p>","primary_form_color":"#ffffff","secondary_form_color":"#222222","fm_nav":"2","fs_nav":16,"fw_nav":400,"ls_nav":0}},"title_config":{"type":"title_config","blocks":{"title_config-0":{"type":"title","settings":{"color":"#ebc878","family":"1","size":30,"weight":400,"lh":28,"ls":1.2,"space":0,"size_tb":30,"lh_tb":28,"ls_tb":1.2,"space_tb":0,"size_mb":30,"lh_mb":28,"ls_mb":1.2,"space_mb":0}},"title_config-1":{"type":"subtitle","settings":{"italic":false,"color":"#ffffff","family":"2","size":17,"weight":400,"lh":0,"ls":0,"space":0,"size_tb":14,"lh_tb":0,"ls_tb":0,"space_tb":0,"size_mb":14,"lh_mb":0,"ls_mb":0,"space_mb":0}}},"block_order":["title_config-0","title_config-1"],"settings":{"design_heading":"1","heading_center":true,"top_heading":"Accordion","icon_heading":"las la-gem","top_subheading":"","tophead_mb":30,"tophead_mb_tb":30,"tophead_mb_mb":25}},"pr_item_config":{"type":"pr_item_config","blocks":{"pr_item_config-0":{"type":"1","settings":{"heading":"Product desgin 01","addtocart_color":"#ffffff","addtocart_color_hover":"#b59677","quickview_color":"#ffffff","quickview_color_hover":"#b59677","wishlist_color":"#ffffff","wishlist_color_hover":"#b59677","wishlist_color_active":"#e81e63","compare_color":"#ffffff","compare_color_hover":"#b59677","size_list_color":"#ffffff"}},"pr_item_config-1":{"type":"2","settings":{"heading":"Product desgin 02","addtocart_color":"#da9d12","addtocart_color_hover":"#ebc878","quickview_color":"#da9d12","quickview_color_hover":"#ebc878","wishlist_color":"#da9d12","wishlist_color_hover":"#ebc878","wishlist_color_active":"#fa0000","compare_color":"#000000","compare_color_hover":"#ebc878","size_list_color":"#ffffff"}},"977f60cb-440c-4e8e-beaa-b55b503aaa7c":{"type":"3","settings":{"heading":"Product design 03","addtocart_color":"#ffffff","addtocart_color_hover":"#b59677","quickview_color":"#ffffff","quickview_color_hover":"#b59677","wishlist_color":"#ffffff","wishlist_color_hover":"#b59677","wishlist_color_active":"#e81e63","compare_color":"#ffffff","compare_color_hover":"#b59677","size_list_color":"#ffffff"}},"fca180ab-ad71-42a7-a8a9-ed91fbebd0ac":{"type":"4","settings":{"heading":"Product design 04","addtocart_color":"#ffffff","addtocart_color_hover":"#b59677","quickview_color":"#ffffff","quickview_color_hover":"#b59677","wishlist_color":"#ffffff","wishlist_color_hover":"#b59677","wishlist_color_active":"#e81e63","compare_color":"#ffffff","compare_color_hover":"#b59677","pr_btn_round":0,"size_list_color":"#ffffff"}},"6fdc3407-75d0-4c09-92f9-138646c4699e":{"type":"5","settings":{"heading":"Product design 05","use_bg_trans_btn":false,"addtocart_color":"#ebc878","addtocart_color_hover":"#da9d12","quickview_color":"#000000","quickview_color_hover":"#000000","wishlist_color":"#ebc878","wishlist_color_hover":"#000000","wishlist_color_active":"#fa0000","compare_color":"#ffffff","compare_color_hover":"#000000","size_list_color":"#ffffff"}},"16ce1932-676d-4dcd-bdbf-356d813613c5":{"type":"6","settings":{"heading":"Product design 06","atc_style":"default","addtocart_color":"#b59677","addtocart_color_hover":"#b59677","quickview_color":"#ffffff","quickview_color_hover":"#b59677","wishlist_color":"#ffffff","wishlist_color_hover":"#b59677","wishlist_color_active":"#e81e63","compare_color":"#ffffff","compare_color_hover":"#b59677","size_list_color":"#ffffff"}},"83670c68-17f0-43a9-8caa-b96cca9a3b05":{"type":"list","settings":{"heading":"Product list","content_color":"#878787","addtocart_color":"#b59677","addtocart_color_hover":"#222222","quickview_color":"#b59677","quickview_color_hover":"#222222","wishlist_color":"#ffffff","wishlist_color_hover":"#222222","wishlist_color_active":"#e81e63","compare_color":"#ffffff","compare_color_hover":"#222222","size_list_color":"#ffffff"}},"a8021fa1-2248-47ff-a3a7-9433011a17bc":{"type":"packery","settings":{"heading":"Product packery","pr_title_color":"#ffffff","pr_title_color_hover":"#b59677","primary_price_color":"#ffffff","secondary_price_color":"#ffffff","price_sale_color":"#ec0101","addtocart_color":"#b59677","addtocart_color_hover":"#b59677","quickview_color":"#ffffff","quickview_color_hover":"#b59677","wishlist_color":"#ffffff","wishlist_color_hover":"#b59677","wishlist_color_active":"#e81e63","compare_color":"#ffffff","compare_color_hover":"#b59677","size_list_color":"#ffffff"}}},"block_order":["pr_item_config-0","pr_item_config-1","977f60cb-440c-4e8e-beaa-b55b503aaa7c","fca180ab-ad71-42a7-a8a9-ed91fbebd0ac","6fdc3407-75d0-4c09-92f9-138646c4699e","16ce1932-676d-4dcd-bdbf-356d813613c5","83670c68-17f0-43a9-8caa-b96cca9a3b05","a8021fa1-2248-47ff-a3a7-9433011a17bc"],"settings":{"txt_tr_pr":"capitalize","fnt_df_pr":"1","size_pr":20,"fw_pr":300,"lh_pr":25,"ls_pr":0,"size_price_pr":17,"fw_price_pr":600,"space_img_content":15,"space_elements":0,"swatch_color_size":16,"swatch_color_size_mb":16,"pr_btn_round":40,"pr_title_color":"#ffffff","pr_title_color_hover":"#ebc878","primary_price_color":"#ebc878","secondary_price_color":"#ffffff","price_sale_color":"#ec0101","vendors_color":"#ebc878","vendors_color_hover":"#ebc878","countdown_color":"#da9d12","countdown_overlay":100,"pr_bg_overlay":"#ffffff","pr_overlay":10}},"btn_config":{"type":"btn_config","blocks":{"btn_config-0":{"type":"custom1","settings":{"color_primary":"#ffb100","color_second":"#ffffff","color_primary_hover":"#ff4e00","color_second_hover":"#ffffff"}},"btn_config-1":{"type":"custom2","settings":{"color_primary":"#f7f7f7","color_second":"#222222","color_primary_hover":"#ffffff","color_second_hover":"#222222"}},"824c754c-d42d-4e6f-beec-dd09247aad97":{"type":"1","settings":{"fontf":"--font-family-1","fsbutton":14,"fwbutton":600,"button_ls":0,"button_mh":52,"button_pd_lr":45,"button_icon_w":18,"fsbutton_tb":14,"button_ls_tb":0,"button_mh_tb":52,"button_pd_lr_tb":45,"button_icon_w_tb":18,"fsbutton_mb":14,"button_ls_mb":0,"button_mh_mb":42,"button_pd_lr_mb":30,"button_icon_w_mb":16}},"369654b3-931c-43fa-9360-7aee6203ec30":{"type":"2","settings":{"fontf":"--font-family-1","fsbutton":14,"fwbutton":600,"button_ls":0,"button_mh":48,"button_pd_lr":46,"button_icon_w":14,"fsbutton_tb":14,"button_ls_tb":0,"button_mh_tb":48,"button_pd_lr_tb":46,"button_icon_w_tb":14,"fsbutton_mb":14,"button_ls_mb":0,"button_mh_mb":48,"button_pd_lr_mb":46,"button_icon_w_mb":14}},"d302da5f-4eda-4f4e-bcbc-3327a566136f":{"type":"3","settings":{"fontf":"--font-family-1","fsbutton":14,"fwbutton":600,"button_ls":0,"button_mh":36,"button_pd_lr":0,"button_icon_w":0,"fsbutton_tb":14,"button_ls_tb":0,"button_mh_tb":36,"button_pd_lr_tb":25,"button_icon_w_tb":0,"fsbutton_mb":14,"button_ls_mb":0,"button_mh_mb":36,"button_pd_lr_mb":20,"button_icon_w_mb":0}}},"block_order":["btn_config-0","btn_config-1","824c754c-d42d-4e6f-beec-dd09247aad97","369654b3-931c-43fa-9360-7aee6203ec30","d302da5f-4eda-4f4e-bcbc-3327a566136f"],"settings":{"fnt_fm_button":"--font-family-1","btn_fw":600,"button_effect":"default"}},"toolbar_mobile":{"type":"toolbar_mobile","blocks":{"shop_UYgC7Y":{"type":"shop","settings":{"title":"Shop All","collection":""}},"toolbar_mobile-1":{"type":"wish","settings":{"title":"Wishlist"}},"toolbar_mobile-2":{"type":"cart","settings":{"title":"Cart"}},"toolbar_mobile-3":{"type":"account","settings":{"title":"Account"}},"toolbar_mobile-4":{"type":"search","settings":{"title":"Search"}}},"block_order":["shop_UYgC7Y","toolbar_mobile-1","toolbar_mobile-2","toolbar_mobile-3","toolbar_mobile-4"],"settings":{"enable_toolbar":false,"show_txt":false,"bg_color":"#ffffff","icon_color":"#222222","label_color":"#222222","count_bg_color":"#000000","count_text_color":"#ffffff"}},"back_top":{"type":"back_top","settings":{"enable_backtop":true,"enable_hidden_mobile":false,"btn_radius":10,"enable_progress_bar":false,"border_cl":"#878787","border_cl_active":"#000000"}},"mega-menu":{"type":"mega-menu","blocks":{"583a30c7-369d-4a64-a51d-ca53c1685206":{"type":"mega","settings":{"id":1}},"link_Mf9WGp":{"type":"link","settings":{"tt_hd":"Decorating Basics","url":"shopify:\/\/collections\/decorating-basics","open_link":"_self","menu":"wholesale-decorating-basics","col":"3"}},"link_tnf4q4":{"type":"link","settings":{"tt_hd":"Trees","url":"shopify:\/\/collections\/trees","open_link":"_self","menu":"non-wholesale-trees","col":"3"}},"link_NJJJ8m":{"type":"link","settings":{"tt_hd":"FDS","url":"shopify:\/\/collections\/fds","open_link":"_self","menu":"wholesale-fds","col":"3"}},"link_nYL8nB":{"type":"link","settings":{"tt_hd":"Figurines & Fiberglass","url":"shopify:\/\/collections\/figurines-fiberglass","open_link":"_self","menu":"non-wholesale-figurines-fiberglass","col":"3"}},"link_kpg9q7":{"type":"link","settings":{"tt_hd":"Pre-Decorated & Ornaments","url":"shopify:\/\/collections\/pre-decorated-ornaments","open_link":"_self","menu":"non-wholesale-pre-decorated-ornaments","col":"3"}},"link_MNhCeL":{"type":"link","settings":{"tt_hd":"Specialty Decor","url":"shopify:\/\/collections\/specialty-decor","open_link":"_self","menu":"specialty-decor","col":"3"}},"link_mHiTgw":{"type":"link","settings":{"tt_hd":"Decor Smart RGB","url":"shopify:\/\/collections\/decor-smart-rgb","open_link":"_self","menu":"decor-smart-rgb","col":"3"}}},"block_order":["583a30c7-369d-4a64-a51d-ca53c1685206","link_Mf9WGp","link_tnf4q4","link_NJJJ8m","link_nYL8nB","link_kpg9q7","link_MNhCeL","link_mHiTgw"],"custom_css":[],"settings":{}},"mb_nav":{"type":"mb_nav","blocks":{"mb_nav-0":{"type":"menu","settings":{"title":"Home","url":"\/","open_link":"_self","menu":"","lb":"","lb_cl":"","icons_op":"2","icon":"las la-home"}},"menu_QzGkag":{"type":"menu","settings":{"title":"About Us","url":"shopify:\/\/pages\/about-us","open_link":"_self","menu":"","lb":"","lb_cl":"","icons_op":"2","icon":"las la-star-of-life"}},"menu_9RBRDP":{"type":"menu","settings":{"title":"Contact Us","url":"","open_link":"_self","menu":"","lb":"","lb_cl":"","icons_op":"2","icon":"las la-phone"}},"mb_nav-4":{"type":"wis","settings":{}},"mb_nav-5":{"type":"sea","settings":{}},"mb_nav-6":{"type":"acc","settings":{}},"mb_nav-7":{"type":"help","disabled":true,"settings":{"title":"Need help?","text":"<a href=\"tel:%20+0123456789\">\n<svg xmlns=\"http:\/\/www.w3.org\/2000\/svg\" viewbox=\"0 0 32 32\" fill=\"currentColor\"><path d=\"M 8.65625 3 C 8.132813 3 7.617188 3.1875 7.1875 3.53125 L 7.125 3.5625 L 7.09375 3.59375 L 3.96875 6.8125 L 4 6.84375 C 3.035156 7.734375 2.738281 9.066406 3.15625 10.21875 C 3.160156 10.226563 3.152344 10.242188 3.15625 10.25 C 4.003906 12.675781 6.171875 17.359375 10.40625 21.59375 C 14.65625 25.84375 19.402344 27.925781 21.75 28.84375 L 21.78125 28.84375 C 22.996094 29.25 24.3125 28.960938 25.25 28.15625 L 28.40625 25 C 29.234375 24.171875 29.234375 22.734375 28.40625 21.90625 L 24.34375 17.84375 L 24.3125 17.78125 C 23.484375 16.953125 22.015625 16.953125 21.1875 17.78125 L 19.1875 19.78125 C 18.464844 19.433594 16.742188 18.542969 15.09375 16.96875 C 13.457031 15.40625 12.621094 13.609375 12.3125 12.90625 L 14.3125 10.90625 C 15.152344 10.066406 15.167969 8.667969 14.28125 7.84375 L 14.3125 7.8125 L 14.21875 7.71875 L 10.21875 3.59375 L 10.1875 3.5625 L 10.125 3.53125 C 9.695313 3.1875 9.179688 3 8.65625 3 Z M 8.65625 5 C 8.730469 5 8.804688 5.035156 8.875 5.09375 L 12.875 9.1875 L 12.96875 9.28125 C 12.960938 9.273438 13.027344 9.378906 12.90625 9.5 L 10.40625 12 L 9.9375 12.4375 L 10.15625 13.0625 C 10.15625 13.0625 11.304688 16.136719 13.71875 18.4375 L 13.9375 18.625 C 16.261719 20.746094 19 21.90625 19 21.90625 L 19.625 22.1875 L 22.59375 19.21875 C 22.765625 19.046875 22.734375 19.046875 22.90625 19.21875 L 27 23.3125 C 27.171875 23.484375 27.171875 23.421875 27 23.59375 L 23.9375 26.65625 C 23.476563 27.050781 22.988281 27.132813 22.40625 26.9375 C 20.140625 26.046875 15.738281 24.113281 11.8125 20.1875 C 7.855469 16.230469 5.789063 11.742188 5.03125 9.5625 C 4.878906 9.15625 4.988281 8.554688 5.34375 8.25 L 5.40625 8.1875 L 8.4375 5.09375 C 8.507813 5.035156 8.582031 5 8.65625 5 Z\"><\/path><\/svg> +01 23456789<\/a>\n<br>\n<a href=\"mailto:gecko@domain.com\">\n<svg xmlns=\"http:\/\/www.w3.org\/2000\/svg\" viewbox=\"0 0 32 32\" fill=\"currentColor\"><path d=\"M 3 8 L 3 26 L 29 26 L 29 8 Z M 7.3125 10 L 24.6875 10 L 16 15.78125 Z M 5 10.875 L 15.4375 17.84375 L 16 18.1875 L 16.5625 17.84375 L 27 10.875 L 27 24 L 5 24 Z\"><\/path><\/svg>\ngecko@domain.com<\/a>"}}},"block_order":["mb_nav-0","menu_QzGkag","menu_9RBRDP","mb_nav-4","mb_nav-5","mb_nav-6","mb_nav-7"],"settings":{}},"mini_cart":{"type":"mini_cart","blocks":{"mini_cart-0":{"type":"price","settings":{}},"mini_cart-1":{"type":"tax","settings":{}},"mini_cart-3":{"type":"btnc","settings":{"btn_icon":false,"button_style":"default","btn_cl":"custom2","button_effect":"default"}},"mini_cart-4":{"type":"btnck","settings":{"btn_icon":false,"button_style":"default","btn_cl":"primary","button_effect":"default"}},"mini_cart-5":{"type":"img","settings":{}},"mini_cart-6":{"type":"btn","settings":{"title":"Return To Shop","url":"","btn_icon":false,"button_style":"default","btn_cl":"primary","button_effect":"fade"}}},"block_order":["mini_cart-0","mini_cart-1","mini_cart-3","mini_cart-4","mini_cart-5","mini_cart-6"],"custom_css":[],"settings":{"style":"1","pos":"2","enable_pr":false,"enable_calc_ship":true,"enable_note":true,"enable_rates":false,"enable_discount":true,"enable_gift_wrap":false,"ship_df_country":"United States"}},"main-qv":{"type":"main-qv","blocks":{"main-qv-0":{"type":"title","settings":{"txt_tr_pr":"none","fnt_df_pr":"1","size_pr":20,"fw_pr":600,"lh_pr":23,"ls_pr":0,"pr_title_color":"#ffffff","pr_title_color_hover":"#ebc878"}},"main-qv-1":{"type":"price_review","settings":{"use_border":true,"border_color":"#e5e5e5","price":"0","type_sale":"0","tax_ship":true,"size_price_pr":22,"fw_price_pr":400,"primary_price_color":"#ffffff","secondary_price_color":"#ebc878","price_sale":"#ec0101","show_available":true,"show_inline":true,"primary_stock_color":"#da9d12","secondary_stock_color":"#ffffff","rating":true,"review_liquid":""}},"main-qv-2":{"type":"description","settings":{"des":"2","text":"","length":31}},"main-qv-3":{"type":"form","settings":{"selector_mode":"circle","color_mode":"color is-sw-cl__round","enable_fit_ratio_img":false,"color_size":"medium","show_qty":false,"enable_wishlist":true,"enable_compare":true,"btn_atc_full":true,"pr_btn_round":0,"wishlist_color":"#ebc878","wishlist_color_hover":"#da9d12","wishlist_color_active":"#fa0000","compare_color":"#222222","compare_color_hover":"#b59677","compare_color_active":"#000000","ani":"t4s-ani-tada","time":6,"btn_txt":"3","btn_icon":false,"button_style":"default","button_color":"primary","button_effect":"sweep-to-bottom","show_dynamic_checkout":false,"btn_txt2":"3","button_color_payment":"dark","show_gift_card_recipient":true,"product_list":[],"show_product_current":true,"qty_val":"0","advance_label":"Choose style","advance_pr_list":[]}},"main-qv-5":{"type":"meta","settings":{"show_options":false,"show_vendor":false,"use_cdt":false,"show_type":false,"show_sku":true,"show_barcode":false,"show_available":false,"show_category":true,"show_tags":true}},"5d7ae1eb-043c-4ac3-b276-69b27a8d65f9":{"type":"btn_detail","settings":{"button_label":"View full details","button_link":"","open_link":"_self","btn_icon":true,"button_style":"link","btn_size":"default","btn_cl":"light","button_effect":"fade"}}},"block_order":["main-qv-0","main-qv-1","main-qv-2","main-qv-3","main-qv-5","5d7ae1eb-043c-4ac3-b276-69b27a8d65f9"],"settings":{"demo_pr":"classic-cotton-leggings","image_ratio":"ratioadapt","image_size":"cover","image_position":"8","enable_video_looping":false,"enable_video_muting":true,"enable_video_autoplaying":true,"eff":"fade","nav_btn":true,"btn_vi":"hover","btn_owl":"outline","btn_shape":"round","btn_cl":"dark","btn_size":"small","btn_hidden_mobile":false,"nav_dot":true,"dot_owl":"outline","dots_cl":"dark","dots_round":true,"dots_space":10,"dots_hidden_mobile":false}},"slider_config":{"type":"slider_config","blocks":{"ef55a72d-2a3a-4be2-b303-7904b5feef29":{"type":"custom1","settings":{"btn_color_primary":"#abb1b4","btn_color_second":"#ffffff","btn_color_primary_hover":"#b59677","btn_color_second_hover":"#ffffff"}}},"block_order":["ef55a72d-2a3a-4be2-b303-7904b5feef29"],"settings":{"btn_vi":"hover","btn_owl":"default","btn_shape":"none","btn_size":"small","dot_owl":"default","dots_round":true,"dots_space":10}},"search-hidden":{"type":"search-hidden","settings":{}},"login-sidebar":{"type":"login-sidebar","settings":{"content_align":"start","btn_width":"full","button_style":"default","btn_size":"default","btns_cl":"primary","button_effect":"default"}},"facets":{"type":"facets","settings":{"style_color_filter":"Color, color, Colour , colour","style_tag_filter":""}},"main-wishlist":{"type":"main-wishlist","blocks":{"main-wishlist-0":{"type":"layout","settings":{}}},"block_order":["main-wishlist-0"],"settings":{"product_list":["and-to-all-a-goodnight-sign-w-55-ft-x-h-7-ft-d-2-lamp-count-558","new-santa-boots-with-buckles","0-5-m-led-strip-black"],"product_des":"5","show_vendor":false,"use_cdt":false,"image_ratio":"ratioadapt","image_size":"cover","image_position":"8","content_align":"default","limit":12,"enable_listing":true,"enable_listing_default":false,"col_dk":"4","col_tb":"3","col_mb":"2","space_h_item":"30","space_v_item":"30","space_h_item_tb":"15","space_v_item_tb":"20","space_h_item_mb":"10","space_v_item_mb":"20","layout_des":"1","use_pagination":"default","enable_bar_lm":true,"btn_icon":false,"button_style":"default","btns_size":"large","btns_cl":"dark","button_effect":"default","btn_pos":"t4s-text-center","layout":"t4s-container-wrap","cl_bg":"","cl_bg_gradient":"","mg":",,50px,","pd":"","mg_tb":",,50px,","pd_tb":"","mg_mb":",,30px,","pd_mb":""}},"main-compare":{"type":"main-compare","blocks":{"main-compare-0":{"type":"basic","settings":{}},"main-compare-1":{"type":"availability","settings":{"title":"Availability"}},"main-compare-2":{"type":"vendor","settings":{"title":"Vendor"}},"main-compare-3":{"type":"variants","settings":{"title":"Color"}},"main-compare-4":{"type":"btn","settings":{"title":"RETURN TO SHOP","url":"","open_link":"_self","btn_icon":false,"button_style":"default","btns_size":"medium","btns_cl":"primary","button_effect":"default"}}},"block_order":["main-compare-0","main-compare-1","main-compare-2","main-compare-3","main-compare-4"],"settings":{"cl_price":"#95bf46","cl_price_sale":"#ec0101","cl_in":"#95bf46","cl_out":"#e1b878","image_ratio":"rationt","image_size":"cover","image_position":"8","content_align":"center","layout":"t4s-container-wrap","cl_bg":"","cl_bg_gradient":"","mg":",,50px,","pd":"","mg_mb":",,30px,","pd_mb":""}},"header-vertical":{"type":"header-vertical","blocks":{"header-vertical-0":{"type":"mega","settings":{"title":"Home","url":"","open_link":"_self","icon":"","cus_cl":false,"cl":"#ec0101","lb":"","lb_cl":"#00BADB","wid":"cus","cus_wid":1200,"id":1,"r_s_h_item":"30","r_s_v_item":"30"}},"header-vertical-1":{"type":"mega","settings":{"title":"mega","url":"","open_link":"_self","icon":"","cus_cl":false,"cl":"#ec0101","lb":"","lb_cl":"#00BADB","wid":"cus","cus_wid":1200,"id":1,"r_s_h_item":"30","r_s_v_item":"30"}},"header-vertical-2":{"type":"base","settings":{"title":"base","url":"\/","open_link":"_self","icon":"","cus_cl":false,"cl":"#ec0101","lb":"","lb_cl":""}},"0dec03c0-f79c-4d2b-946e-0a9c5d0a0d9a":{"type":"drop","settings":{"title":"Dropdown","url":"","open_link":"_self","menu":"main-menu","icon":"","cus_cl":false,"cl":"#ec0101","lb":"","lb_cl":""}}},"block_order":["header-vertical-0","header-vertical-1","header-vertical-2","0dec03c0-f79c-4d2b-946e-0a9c5d0a0d9a"],"settings":{"show_currency":true,"arrow":true,"bgnav":"#ffffff","opnav":100,"clnav":"#222222","clnav_hover":"#b59677","h_icon":"kalles","show_search":true,"show_acc":true,"show_wis":true,"cart_des":"1","bg_hc":"#000000","cl_hc":"#ffffff","source":"2","txt":"<p>Welcome to our store!<\/p>","h_navmb":62,"fm_nav":"1","fs_nav":14,"fw_nav":500,"ls_nav":0.2}},"popups":{"type":"popups","blocks":{"a318abee-f06d-417d-abb3-3b43dedf8df9":{"type":"exit","settings":{"design_heading":"1","heading_center":true,"top_heading":"Wait! Can't find what you're looking for ?","icon_heading":"las la-gem","top_subheading":"<p>Maybe this will help...<\/p>","tophead_mb":30,"tophead_mb_tb":30,"tophead_mb_mb":25,"product_list":["black-cotton-leggings","blue-cotton-leggings","blue-slub-knit-top","classic-cotton-leggings"],"product_des":"5","show_vendor":true,"image_ratio":"ratioadapt","image_size":"cover","content_align":"default","col_dk":"4","space_h_item":"30","day_next":7,"loop":true,"au_time":0,"au_hover":true,"nav_btn":false,"btn_vi":"hover","btn_owl":"default","btn_shape":"none","btn_cl":"dark","btn_size":"small","btn_hidden_mobile":true,"nav_dot":false,"dot_owl":"default","dots_cl":"dark","dots_round":true,"dots_space":10,"dots_hidden_mobile":false,"index":true,"product":false,"collection":false,"article":false,"blog":false,"cart":false,"page":false}},"a97628dd-9da2-405b-a3e1-e2e41b9902f6":{"type":"sales","settings":{"product_list":["blue-modern-backpack","givenchy-stars-t-shirt","black-in-faux-jx-suede","business-casual-on-a-budget","dictumst-of-habitasse"],"mb":false,"index":true,"product":false,"collection":false,"article":false,"blog":false,"cart":false,"page":false,"pp_type":"2","start_time":4,"start_time_unit":"1000","stay_time":5,"stay_time_unit":"1000","enable_cl":true,"close":"Close","enable_qv":true,"enable_progressbar":true,"list_user":"Nathan (California) | Alex (Texas) | Henry (New York) | Kiti (Ohio) | Daniel (Washington) | Hau (California) | Van (Ohio) | Sara (Montana)  | Kate (Georgia)","enable_time":true,"list_time":"4 hours ago | 2 hours ago | 45 minutes ago | 1 day ago | 8 hours ago | 10 hours ago | 25 minutes ago | 2 day ago | 5 hours ago | 40 minutes ago","enable_verify":true,"des":"1","pp_ani":"anislideInUp","txt1":"purchased","txt2":"Verified"}}},"block_order":["a318abee-f06d-417d-abb3-3b43dedf8df9","a97628dd-9da2-405b-a3e1-e2e41b9902f6"],"settings":{}},"t4s_custom_color":{"type":"t4s_custom_color","settings":{}},"facets_tags":{"type":"facets_tags","blocks":{"1e0e1b8c-7e03-46a9-94aa-801b857b6514":{"type":"color","settings":{"hidden_block":false,"title":"By Color","arra_enter":"Red,White,Brown,Blue, Black, Green, Grey, Sliver,Pink","use_auto_filter_tag":false,"key":"Color"}}},"block_order":["1e0e1b8c-7e03-46a9-94aa-801b857b6514"],"settings":{}},"main-qs":{"type":"main-qs","blocks":{"main-qs-0":{"type":"infos","settings":{"txt_tr_pr":"none","fnt_df_pr":"2","size_pr":14,"fw_pr":500,"lh_pr":18,"ls_pr":2,"pr_title_color":"#4d5959","pr_title_color_hover":"#b59677","price":"0","type_sale":"0","size_price_pr":16,"fw_price_pr":400,"primary_price_color":"#696969","secondary_price_color":"#868686","price_sale":"#ec0101"}},"main-qs-1":{"type":"form","settings":{"selector_mode":"circle","color_mode":"color is-sw-cl__round","enable_fit_ratio_img":false,"color_size":"medium","show_qty":true,"enable_wishlist":false,"enable_compare":false,"pr_btn_round":0,"wishlist_color":"#222222","wishlist_color_hover":"#b59677","wishlist_color_active":"#e81e63","compare_color":"#222222","compare_color_hover":"#b59677","compare_color_active":"#000000","ani":"none","time":6,"btn_txt":"3","btn_icon":false,"button_style":"default","button_color":"primary","button_effect":"fade","show_dynamic_checkout":false,"btn_txt2":"3","button_color_payment":"dark"}},"7cad397c-987b-4e5f-a80a-c2b174fc9e08":{"type":"btn_detail","settings":{"button_label":"View full details","button_link":"","open_link":"_self","btn_icon":true,"button_style":"link","btn_size":"default","btn_cl":"dark","button_effect":"fade"}}},"block_order":["main-qs-0","main-qs-1","7cad397c-987b-4e5f-a80a-c2b174fc9e08"],"settings":{"demo_pr":"red-cotton-leggings"}},"extras":{"type":"extras","settings":{}},"heading-static":{"type":"heading-static","blocks":{"3a74624d-9fb3-41b5-a50a-fbf8dbe0b0e4":{"type":"2","settings":{"content":"<p>View your wishlist products<\/p>","fontf":"inherit","text_cl":"#ffffff","text_fs":14,"text_lh":20,"text_fw":400,"text_ls":0,"mgb":0,"font_italic":false,"font_uppercase":false,"text_shadow":false,"text_fs_tb":14,"text_lh_tb":20,"text_ls_tb":0,"mgb_tb":0,"hidden_mobile":false,"text_fs_mb":14,"text_lh_mb":21,"text_ls_mb":0,"mgb_mb":0}}},"block_order":["3a74624d-9fb3-41b5-a50a-fbf8dbe0b0e4"],"settings":{"parallax":false,"bg_overlay":"#000000","bg_opacity":54,"padding_top":50,"padding_bottom":50,"padding_top_tb":50,"padding_bottom_tb":50,"padding_top_mb":50,"padding_bottom_mb":50,"bg_pos":"center center","bg_repeat":"no-repeat","bg_size":"cover","mgb":50,"mgb_tb":50,"mgb_mb":50}},"four13_customer-login":{"type":"four13_customer-login","settings":{"content_align":"center","btn_width":"full","button_style":"default","btns_size":"default","btns_cl":"light","button_effect":"default"}},"custom-section":{"type":"custom-section","blocks":{"bl_col_tqNdzC":{"type":"bl_col","settings":{"col_dk":"5","col_dk_w":"33.33333","col_tb":"6","col_dk_w_tb":"33.33333","col_mb":"12","align_vertical":true,"content_align":"center","content_align_tablet":"center","content_align_mobile":"center","padding_inner":"","padding_inner_tb":"","padding_inner_mb":"","bg_cl":"rgba(0,0,0,0)"}},"custom_text_ApULHt":{"type":"custom_text","settings":{"text":"Returning customer","remove_br_tag_tb":false,"remove_br_tag_mb":true,"tag":"h2","fontf":"1","text_cl":"#000000","text_fs":30,"text_lh":0,"text_fw":400,"text_ls":0,"font_italic":false,"text_shadow":false,"mgb":15,"text_fs_tb":30,"text_lh_tb":0,"text_ls_tb":0,"mgb_tb":10,"hidden_mobile":false,"text_fs_mb":30,"text_lh_mb":0,"text_ls_mb":0,"mgb_mb":10}},"custom_text_TVeFTA":{"type":"custom_text","settings":{"text":"Login below to checkout with an existing account","remove_br_tag_tb":false,"remove_br_tag_mb":true,"tag":"p","fontf":"inherit","text_cl":"#000000","text_fs":16,"text_lh":0,"text_fw":400,"text_ls":0,"font_italic":false,"text_shadow":false,"mgb":15,"text_fs_tb":16,"text_lh_tb":0,"text_ls_tb":0,"mgb_tb":10,"hidden_mobile":false,"text_fs_mb":16,"text_lh_mb":0,"text_ls_mb":0,"mgb_mb":10}},"liquid_N6ewmj":{"type":"liquid","settings":{"custom_liquid":"<div styke=\"margin: 0 auto;\">{% render 'four13_customer-login' %}<\/div>"}},"bl_col_AEjp4w":{"type":"bl_col","settings":{"col_dk":"7","col_dk_w":"33.33333","col_tb":"6","col_dk_w_tb":"33.33333","col_mb":"12","align_vertical":false,"content_align":"start","content_align_tablet":"start","content_align_mobile":"center","padding_inner":"","padding_inner_tb":"","padding_inner_mb":"","bg_cl":"rgba(0,0,0,0)"}},"custom_text_dpqaCR":{"type":"custom_text","settings":{"text":"WHY BUY FROM THE DECOR GROUP?","remove_br_tag_tb":false,"remove_br_tag_mb":true,"tag":"h3","fontf":"1","text_cl":"#000000","text_fs":30,"text_lh":0,"text_fw":700,"text_ls":0,"font_italic":false,"text_shadow":false,"mgb":15,"text_fs_tb":30,"text_lh_tb":0,"text_ls_tb":0,"mgb_tb":10,"hidden_mobile":false,"text_fs_mb":30,"text_lh_mb":0,"text_ls_mb":0,"mgb_mb":10}},"custom_text_LAJF6e":{"type":"custom_text","settings":{"text":"The Decor Group Brands provide premium quality products, comprehensive education and proven business systems that help existing companies and entrepreneurs profitability add specialty services, product, and retail divisions to their organizations. We are committed to constant and never ending improvement in everything we do every day.\n\n\n\nThe Decor Group began with the franchising of the holiday service provider, Christmas Decor, in 1996. With expansion into the landscape lighting industry with Nite Time Decor, we created a year-round service offering to our customers. The acquisition of Barcana, a 55-year-old holiday brand, in 2015 has increased our buying power. This allows us to bring you competitive prices and trending designs. The most recent branch to The Decor Group came in the form of a partnership with a revolutionary permanent solution to holiday roof lighting, Inception Lighting","remove_br_tag_tb":false,"remove_br_tag_mb":true,"tag":"p","fontf":"inherit","text_cl":"#000000","text_fs":17,"text_lh":24,"text_fw":100,"text_ls":0,"font_italic":false,"text_shadow":false,"mgb":15,"text_fs_tb":16,"text_lh_tb":24,"text_ls_tb":0,"mgb_tb":10,"hidden_mobile":false,"text_fs_mb":16,"text_lh_mb":24,"text_ls_mb":0,"mgb_mb":10}},"bl_col_LJrUdH":{"type":"bl_col","settings":{"col_dk":"12","col_dk_w":"33.33333","col_tb":"12","col_dk_w_tb":"33.33333","col_mb":"12","align_vertical":false,"content_align":"center","content_align_tablet":"center","content_align_mobile":"center","padding_inner":"15px","padding_inner_tb":"15px","padding_inner_mb":"10px","bg_cl":"#ffffff"}},"custom_text_U8ajQU":{"type":"custom_text","settings":{"text":"If you do not have an account with us please call 972-427-1181 and we will be happy to assist you.","remove_br_tag_tb":false,"remove_br_tag_mb":true,"tag":"p","fontf":"2","text_cl":"#000000","text_fs":16,"text_lh":0,"text_fw":100,"text_ls":0,"font_italic":true,"text_shadow":false,"mgb":15,"text_fs_tb":16,"text_lh_tb":0,"text_ls_tb":0,"mgb_tb":10,"hidden_mobile":false,"text_fs_mb":16,"text_lh_mb":0,"text_ls_mb":0,"mgb_mb":10}}},"block_order":["bl_col_tqNdzC","custom_text_ApULHt","custom_text_TVeFTA","liquid_N6ewmj","bl_col_AEjp4w","custom_text_dpqaCR","custom_text_LAJF6e","bl_col_LJrUdH","custom_text_U8ajQU"],"custom_css":[".t4s-customer.is--login {min-height: 0; margin: 20px 20px !important;}","input.t4s_frm_input {border: 1px solid black !important; color: black !important;}",".t4s_field label {color: black !important;}","button {width: 100%; background-color: black;}"],"settings":{"space_h_item":"10","space_v_item":"10","space_h_item_tb":"10","space_v_item_tb":"10","space_h_item_mb":"10","space_v_item_mb":"10","layout":"t4s-se-container","cl_bg":"#f1e8d7","cl_bg_gradient":"","mg":"50px,,,","pd":"50px,50px,50px,50px","mg_tb":"","pd_tb":"30px,30px,30px,30px","mg_mb":",,30px,","pd_mb":"10px,10px,10px,10px"}},"four13_mega-menu-public":{"type":"four13_mega-menu-public","blocks":{"mega_ULUmtQ":{"type":"mega","settings":{"id":1}},"link_pPTrVA":{"type":"link","settings":{"tt_hd":"Figurines & Fiberglass","url":"","open_link":"_self","menu":"non-wholesale-figurines-fiberglass","col":"2"}},"link_G9TWLY":{"type":"link","settings":{"tt_hd":"FDS","url":"","open_link":"_self","menu":"non-wholesale-fds","col":"2"}},"link_wFwzz4":{"type":"link","settings":{"tt_hd":"Specialty Decor","url":"","open_link":"_self","menu":"specialty-decor","col":"2"}},"link_TeQrHA":{"type":"link","settings":{"tt_hd":"Pre-Decorated & Ornaments","url":"","open_link":"_self","menu":"non-wholesale-pre-decorated-ornaments","col":"2"}},"link_h7w87p":{"type":"link","settings":{"tt_hd":"Trees","url":"","open_link":"_self","menu":"non-wholesale-trees","col":"2"}}},"block_order":["mega_ULUmtQ","link_pPTrVA","link_G9TWLY","link_wFwzz4","link_TeQrHA","link_h7w87p"],"settings":{}},"four13_header-inline-public":{"type":"four13_header-inline-public","blocks":{"four13_header-inline-public-0":{"type":"mega","disabled":true,"settings":{"title":"Sale","url":"","open_link":"_self","icon":"","cus_cl":false,"cl":"#ec0101","lb":"","lb_cl":"#00badb","pos_sub":"bottom","wid":"cus","cus_wid":1200,"id":1,"enable_packery":true,"r_s_h_item":"20","r_s_v_item":"30"}},"drop_P3aYHx":{"type":"drop","settings":{"title":"FDS","url":"shopify:\/\/collections\/fds-retail","open_link":"_self","menu":"non-wholesale-fds","icon":"","cus_cl":false,"cl":"#ec0101","lb":"","lb_cl":"","lazy_mn":true,"pos_sub":"bottom","pos":"left"}},"drop_RYYiCH":{"type":"drop","settings":{"title":"Figurines & Fiberglass","url":"shopify:\/\/collections\/figurines-fiberglass","open_link":"_self","menu":"non-wholesale-figurines-fiberglass","icon":"","cus_cl":false,"cl":"#ec0101","lb":"","lb_cl":"","lazy_mn":true,"pos_sub":"bottom","pos":"left"}},"drop_dV664H":{"type":"drop","settings":{"title":"Pre-Decorated & Ornaments","url":"shopify:\/\/collections\/pre-decorated-ornaments","open_link":"_self","menu":"non-wholesale-pre-decorated-ornaments","icon":"","cus_cl":false,"cl":"#ec0101","lb":"","lb_cl":"","lazy_mn":true,"pos_sub":"bottom","pos":"left"}},"drop_EnG4WK":{"type":"drop","settings":{"title":"Specialty Decor","url":"shopify:\/\/collections\/specialty-decor","open_link":"_self","menu":"specialty-decor","icon":"","cus_cl":false,"cl":"#ec0101","lb":"","lb_cl":"","lazy_mn":true,"pos_sub":"bottom","pos":"left"}},"drop_drLYV9":{"type":"drop","settings":{"title":"Trees","url":"shopify:\/\/collections\/trees","open_link":"_self","menu":"non-wholesale-trees","icon":"","cus_cl":false,"cl":"#ec0101","lb":"","lb_cl":"","lazy_mn":true,"pos_sub":"bottom","pos":"left"}}},"block_order":["four13_header-inline-public-0","drop_P3aYHx","drop_RYYiCH","drop_dV664H","drop_EnG4WK","drop_drLYV9"],"settings":{"layout":"logo_left","full_header":false,"height":60,"arrow":true,"align":"center","hover":"hover_sideup","enable_active":false,"h_navmb":62,"mb_cat":true,"only_icon":true,"first_cat":true,"bgnav":"#000000","opnav":100,"clnav":"#ffffff","clnav_hover":"#ebc878","h_icon":"kalles","hover_icon":"2","show_search":true,"show_acc":true,"show_wis":true,"cart_des":"1","bg_hc":"#ebc878","cl_hc":"#000000","sticky_header":false,"scroll_header":false,"bgnavst":"#ffffff","opnavst":100,"clnavst":"#000000","clnavst_hover":"#b59677","transparent_header":false,"space_transparent_header":false,"bgnavtr":"#000000","opnavtr":40,"clnavtr":"#ffffff","clnavtr_hover":"#ffffff","source":"1","txt":"<p>Welcome to our store!<\/p>","primary_form_color":"#ffffff","secondary_form_color":"#222222","fm_nav":"2","fs_nav":16,"fw_nav":400,"ls_nav":0}},"main-password-header":{"type":"main-password-header","settings":{"logo_max_width":100}},"main-password":{"type":"main-password","custom_css":["input {color: black;}"],"settings":{"heading":"Coming Soon!","content":"We are about to go public so be sure to root on us and check back in anytime!<br> Can't wait to have you!","newsletter_placeholder":"Your email address","newsletter_button_text":"Notify me","signup_form_success":"We will send you an email right before we open!","social":"2"}},"mb_cat":{"type":"mb_cat","blocks":{"37d41873-33b9-495f-b9e9-261690a26f44":{"type":"cat","settings":{"show_r":false,"show_w":true,"cat":"bargains","title":"","url":"","menu":"wholesale-bargains","lb":"","lb_cl":"#e91e63","icons_op":"2","icon":"las la-percent"}},"9bc80180-7db8-4a0c-a987-5452a9f93167":{"type":"cat","settings":{"show_r":false,"show_w":true,"cat":"new-products","title":"","url":"","menu":"wholesale-new-products","lb":"","lb_cl":"#e91e63","icons_op":"2","icon":"las la-snowflake"}},"a8e444e6-eaae-4fff-a0dd-f13d43abd5f0":{"type":"cat","settings":{"show_r":true,"show_w":true,"cat":"trees","title":"","url":"","menu":"non-wholesale-trees","lb":"","lb_cl":"#e91e63","icons_op":"2","icon":"las la-tree"}},"251a9643-5d61-4fca-a85f-9b110891798b":{"type":"cat","settings":{"show_r":false,"show_w":true,"cat":"fds","title":"","url":"","menu":"wholesale-fds","lb":"","lb_cl":"#e91e63","icons_op":"2","icon":"las la-bell"}},"cat_Kz3LG3":{"type":"cat","settings":{"show_r":true,"show_w":false,"cat":"fds-retail","title":"","url":"","menu":"non-wholesale-fds","lb":"","lb_cl":"#e91e63","icons_op":"2","icon":"las la-bell"}},"cat_nj8ewq":{"type":"cat","settings":{"show_r":true,"show_w":true,"cat":"specialty-decor","title":"","url":"","menu":"specialty-decor","lb":"","lb_cl":"#e91e63","icons_op":"2","icon":"las la-magic"}},"cat_7MMCrm":{"type":"cat","settings":{"show_r":false,"show_w":true,"cat":"decor-smart-rgb","title":"","url":"","menu":"decor-smart-rgb","lb":"","lb_cl":"#e91e63","icons_op":"2","icon":"las la-lightbulb"}},"02afbc74-7e86-47eb-a54c-4b782b9be1ec":{"type":"cat","settings":{"show_r":false,"show_w":true,"cat":"decorating-basics","title":"","url":"","menu":"wholesale-decorating-basics","lb":"","lb_cl":"#e91e63","icons_op":"2","icon":"las la-thumbtack"}},"cd037d53-15f5-4756-9039-1b2b00959d4e":{"type":"cat","settings":{"show_r":true,"show_w":true,"cat":"figurines-fiberglass","title":"","url":"","menu":"non-wholesale-figurines-fiberglass","lb":"","lb_cl":"#e91e63","icons_op":"2","icon":"las la-snowman"}},"5cb7c19c-21e4-4bd3-8ae3-a439bbfcdaee":{"type":"cat","settings":{"show_r":true,"show_w":true,"cat":"pre-decorated-ornaments","title":"","url":"","menu":"non-wholesale-pre-decorated-ornaments","lb":"","lb_cl":"#e91e63","icons_op":"2","icon":"las la-snowman"}}},"block_order":["37d41873-33b9-495f-b9e9-261690a26f44","9bc80180-7db8-4a0c-a987-5452a9f93167","a8e444e6-eaae-4fff-a0dd-f13d43abd5f0","251a9643-5d61-4fca-a85f-9b110891798b","cat_Kz3LG3","cat_nj8ewq","cat_7MMCrm","02afbc74-7e86-47eb-a54c-4b782b9be1ec","cd037d53-15f5-4756-9039-1b2b00959d4e","5cb7c19c-21e4-4bd3-8ae3-a439bbfcdaee"],"settings":{}}},"content_for_index":[]}}