{"sections":{"heading":{"type":"heading-static","blocks":{"5ceb80b4-7249-43c6-bab2-723276f6f6a2":{"type":"1","settings":{"tag":"p","fontf":"inherit","text_cl":"#ffffff","text_fs":20,"text_lh":0,"text_fw":400,"text_ls":0,"mgb":15,"font_italic":false,"font_uppercase":false,"text_shadow":false,"text_fs_tb":16,"text_lh_tb":0,"text_ls_tb":0,"mgb_tb":10,"hidden_mobile":false,"text_fs_mb":20,"text_lh_mb":0,"text_ls_mb":0,"mgb_mb":10}}},"block_order":["5ceb80b4-7249-43c6-bab2-723276f6f6a2"],"settings":{"parallax":false,"bg_overlay":"#000000","bg_opacity":54,"padding_top":50,"padding_bottom":50,"padding_top_tb":50,"padding_bottom_tb":50,"padding_top_mb":50,"padding_bottom_mb":50,"bg_pos":"center center","bg_repeat":"no-repeat","bg_size":"cover","mgb":50,"mgb_tb":50,"mgb_mb":50}},"main":{"type":"main-customers-account","custom_css":["td {color: black;}",".t4s-pt {margin: 0;}","table{margin-bottom: 0; color: black;}"],"settings":{}}},"order":["heading","main"]}