{"sections":{"heading":{"type":"heading-article","blocks":{"6c7e7290-ccf4-43d2-9cca-8b6defb822d0":{"type":"1","settings":{"tag":"h3","fontf":"2","text_cl":"#ffffff","text_fs":20,"text_lh":26,"text_fw":500,"text_ls":2,"mgb":10,"font_italic":false,"font_uppercase":true,"text_shadow":false,"text_fs_tb":20,"text_lh_tb":26,"text_ls_tb":2,"mgb_tb":10,"hidden_mobile":false,"text_fs_mb":20,"text_lh_mb":26,"text_ls_mb":2,"mgb_mb":10}},"dc3e7611-c82d-48c5-bc94-b71307050d93":{"type":"2","settings":{"fontf":"3","font_italic":true}}},"block_order":["6c7e7290-ccf4-43d2-9cca-8b6defb822d0","dc3e7611-c82d-48c5-bc94-b71307050d93"],"settings":{"use_specify_image":true,"parallax":false,"bg_overlay":"#000000","bg_opacity":54,"padding_top":50,"padding_bottom":50,"padding_top_tb":50,"padding_bottom_tb":50,"padding_top_mb":50,"padding_bottom_mb":50,"bg_pos":"center center","bg_repeat":"no-repeat","bg_size":"cover","mgb":50,"mgb_tb":50,"mgb_mb":50}},"main":{"type":"main-article-portfolio","blocks":{"76194e16-b3ca-47c7-a49b-2225094a4639":{"type":"image","disabled":true,"settings":{"cate_des":"none"}},"ff4537d6-dd2c-47c9-aec4-76742fa00896":{"type":"content","settings":{}},"f333f3fd-c7bf-4671-aa6b-b388006365f1":{"type":"tags","settings":{}},"9320ae25-4d06-4c95-9ceb-683ac8a6f179":{"type":"infos","settings":{"show_cate":true,"show_author":true,"show_tags":true}},"af274b12-25fe-4de7-912f-f4fcde7664b7":{"type":"socials","settings":{"social_mode":"2","social_style":"2","social_size":"small","bd_radius":30,"use_color_set":true,"icon_cl":"#000000","bg_cl":"#ffffff","space_h_item":"20","space_v_item":"5","space_h_item_mb":"10","space_v_item_mb":"2"}},"45eccd34-9365-4b0c-a0f7-134f2d1686c4":{"type":"navigation","settings":{}},"6db2accf-45b2-46a9-80e0-3b8d48d81b31":{"type":"related","settings":{"hd_related":"RELATED PORFOLIO","hd_align":"center","limit_related":6,"col_dk":"3","col_tb":"3","col_mb":"1","space_h_item":"30","space_v_item":"30","space_h_item_tb":"15","space_v_item_tb":"15","space_h_item_mb":"10","space_v_item_mb":"10","image_ratio":"ratioadapt","image_position":"8","image_size":"cover","loop":true,"au_time":0,"au_hover":true,"nav_btn":true,"btn_vi":"hover","btn_owl":"outline","btn_shape":"round","btn_cl":"dark","btn_size":"small","btn_hidden_mobile":false,"nav_dot":true,"dot_owl":"outline","dots_cl":"dark","dots_round":true,"dots_space":10,"dots_hidden_mobile":false}}},"block_order":["76194e16-b3ca-47c7-a49b-2225094a4639","ff4537d6-dd2c-47c9-aec4-76742fa00896","f333f3fd-c7bf-4671-aa6b-b388006365f1","9320ae25-4d06-4c95-9ceb-683ac8a6f179","af274b12-25fe-4de7-912f-f4fcde7664b7","45eccd34-9365-4b0c-a0f7-134f2d1686c4","6db2accf-45b2-46a9-80e0-3b8d48d81b31"],"settings":{"layout":"t4s-container-wrap","cl_bg":"","cl_bg_gradient":"","mg":",,50px,","pd":"","mg_tb":",,50px,","pd_tb":"","mg_mb":",,30px,","pd_mb":""}},"sidebar":{"type":"sidebar-blog","disabled":true,"settings":{"enable_drawer":true,"space":50,"size":"medium","br_style":"none","brcolor":"#222222","sidebar_bdr":5,"sidebar_pd":10}}},"order":["heading","main","sidebar"]}