{"sections":{"heading":{"type":"heading-static","blocks":{"bcb179dc-6215-4b6d-9fcb-1e17b5f7889c":{"type":"1","settings":{"tag":"h3","fontf":"inherit","text_cl":"#ffffff","text_fs":20,"text_lh":26,"text_fw":500,"text_ls":2,"mgb":5,"font_italic":false,"font_uppercase":true,"text_shadow":false,"text_fs_tb":20,"text_lh_tb":26,"text_ls_tb":2,"mgb_tb":5,"hidden_mobile":false,"text_fs_mb":20,"text_lh_mb":26,"text_ls_mb":2,"mgb_mb":5}},"a8bb5ece-188b-4b5b-a9c7-1599daa9cf12":{"type":"2","settings":{"content":"<p>See our recent projects<\/p>","fontf":"inherit","text_cl":"#ededed","text_fs":14,"text_lh":20,"text_fw":400,"text_ls":0,"mgb":0,"font_italic":false,"font_uppercase":false,"text_shadow":false,"text_fs_tb":14,"text_lh_tb":20,"text_ls_tb":0,"mgb_tb":0,"hidden_mobile":false,"text_fs_mb":14,"text_lh_mb":20,"text_ls_mb":0,"mgb_mb":0}}},"block_order":["bcb179dc-6215-4b6d-9fcb-1e17b5f7889c","a8bb5ece-188b-4b5b-a9c7-1599daa9cf12"],"settings":{"image":"shopify:\/\/shop_images\/portfolio-home.jpg","parallax":true,"bg_overlay":"#000000","bg_opacity":40,"padding_top":50,"padding_bottom":50,"padding_top_tb":50,"padding_bottom_tb":50,"padding_top_mb":50,"padding_bottom_mb":50,"bg_pos":"center center","bg_repeat":"no-repeat","bg_size":"cover","mgb":50,"mgb_tb":50,"mgb_mb":50}},"main":{"type":"main-portfolio","blocks":{"ab640916-8997-497b-a44c-471d0283e6be":{"type":"tag","settings":{"title":"card"}},"e9c13d08-6b8f-4938-98e5-b34370d27c40":{"type":"tag","settings":{"title":"graphic"}},"ed5aad64-136f-4c3b-b22d-d30bbe848e6d":{"type":"tag","settings":{"title":"handmade"}},"7a746e49-7974-4a03-bdd8-470962d256b3":{"type":"tag","settings":{"title":"Illustrator"}},"96b4c27f-aaeb-4e86-b91e-ee7e2928aae3":{"type":"tag","settings":{"title":"web"}},"b67d5cfe-f6a1-40d0-9324-f8a7507f8940":{"type":"tag","settings":{"title":"photos"}}},"block_order":["ab640916-8997-497b-a44c-471d0283e6be","e9c13d08-6b8f-4938-98e5-b34370d27c40","ed5aad64-136f-4c3b-b22d-d30bbe848e6d","7a746e49-7974-4a03-bdd8-470962d256b3","96b4c27f-aaeb-4e86-b91e-ee7e2928aae3","b67d5cfe-f6a1-40d0-9324-f8a7507f8940"],"settings":{"layout_des":"2","limit":9,"col_dk":"2","col_tb":"2","col_mb":"1","space_h_item":"30","space_v_item":"30","space_h_item_tb":"15","space_v_item_tb":"30","space_h_item_mb":"10","space_v_item_mb":"30","use_pagination":"load-more","use_bar_lm":false,"btn_icon":false,"button_style":"outline","btn_size":"large","btn_cl":"dark","button_effect":"fade","btn_pos":"t4s-text-center","image_ratio":"ratioadapt","image_position":"8","image_size":"cover","source":"2","show_count":true,"tags_radius":40,"layout":"t4s-container-wrap","cl_bg":"","cl_bg_gradient":"","mg":",,50px,","pd":"","mg_tb":",,50px,","pd_tb":"","mg_mb":",,30px,","pd_mb":""}},"sidebar":{"type":"sidebar-blog","disabled":true,"settings":{"enable_drawer":true,"space":50,"size":"medium","br_style":"none","brcolor":"#222222","sidebar_bdr":5,"sidebar_pd":10}}},"order":["heading","main","sidebar"]}