{"sections":{"heading":{"type":"heading-dynamic","blocks":{"61658221-289a-451c-832e-472e370318ff":{"type":"1","settings":{"heading":"SHOPPING CART","tag":"h3","fontf":"2","text_cl":"#ffffff","text_fs":20,"text_lh":20,"text_fw":500,"text_ls":2,"mgb":0,"font_italic":false,"font_uppercase":false,"text_shadow":false,"text_fs_tb":20,"text_lh_tb":20,"text_ls_tb":2,"mgb_tb":0,"hidden_mobile":false,"text_fs_mb":20,"text_lh_mb":20,"text_ls_mb":2,"mgb_mb":0}}},"block_order":["61658221-289a-451c-832e-472e370318ff"],"settings":{"parallax":true,"bg_overlay":"#000000","bg_opacity":50,"padding_top":50,"padding_bottom":50,"padding_top_tb":50,"padding_bottom_tb":50,"padding_top_mb":50,"padding_bottom_mb":50,"bg_pos":"center center","bg_repeat":"no-repeat","bg_size":"cover","mgb":50,"mgb_tb":50,"mgb_mb":50}},"main":{"type":"main-cart","blocks":{"5d8ed9ba-5120-4ca1-a8e8-67dd44b88bd2":{"type":"price","settings":{}},"74a2487d-dac7-4195-9e12-0f6eb118b1a1":{"type":"btn","settings":{"title":"Return To Shop","url":"\/","btn_icon":false,"button_style":"default","btn_cl":"primary","button_effect":"default"}},"2fef20ad-861c-4d15-aca6-4c26b6ee96f9":{"type":"tax","settings":{}},"1f5c1718-08c4-406f-a332-28431934bf99":{"type":"agree","settings":{}},"683a32d9-dc0c-4210-b04b-08b2c90dff29":{"type":"btnck","settings":{"btn_icon":false,"button_style":"default","btn_size":"default","btn_cl":"primary","button_effect":"default","btn_icon2":false,"button_style2":"outline","btn_size2":"default","btn_cl2":"dark","button_effect2":"default"}},"5ae3c0ee-4bc7-4818-af8a-d10d3958189a":{"type":"btnmr","settings":{}},"9f0f4b67-92cb-4f7e-ae91-e921e23ed3ff":{"type":"img","settings":{"wimg":50}}},"block_order":["5d8ed9ba-5120-4ca1-a8e8-67dd44b88bd2","74a2487d-dac7-4195-9e12-0f6eb118b1a1","2fef20ad-861c-4d15-aca6-4c26b6ee96f9","1f5c1718-08c4-406f-a332-28431934bf99","683a32d9-dc0c-4210-b04b-08b2c90dff29","5ae3c0ee-4bc7-4818-af8a-d10d3958189a","9f0f4b67-92cb-4f7e-ae91-e921e23ed3ff"],"settings":{"enable_calc_ship":false,"enable_note":true,"enable_rates":false,"enable_discount":true,"enable_gift_wrap":true,"ship_df_country":"United States"}},"recently-viewed-products":{"type":"recently_viewed","settings":{"show":true,"design_heading":"1","heading_center":true,"top_heading":"RECENTLY VIEWED PRODUCTS","icon_heading":"las la-gem","top_subheading":"","tophead_mb":30,"tophead_mb_tb":30,"tophead_mb_mb":25,"product_des":"5","show_vendor":false,"use_cdt":false,"limit":6,"sortby":"3","unavailable_prs":"show","image_ratio":"ratioadapt","image_size":"cover","image_position":"8","content_align":"default","col_dk":"4","col_tb":"4","col_mb":"2","space_h_item":"30","space_v_item":"30","space_h_item_tb":"15","space_v_item_tb":"15","space_h_item_mb":"10","space_v_item_mb":"10","layout_des":"2","loop":true,"au_time":0,"au_hover":true,"nav_btn":true,"btn_vi":"hover","btn_owl":"outline","btn_shape":"round","btn_cl":"dark","btn_size":"small","btn_hidden_mobile":false,"nav_dot":false,"dot_owl":"default","dots_cl":"dark","dots_round":true,"dots_space":10,"dots_hidden_mobile":false,"layout":"t4s-container-wrap","cl_bg":"","cl_bg_gradient":"","mg":"75px,,50px,","pd":"","mg_tb":",,50px,","pd_tb":"","mg_mb":",,30px,","pd_mb":""}}},"order":["heading","main","recently-viewed-products"]}