{"sections":{"collection-heading-template":{"type":"heading-collection","blocks":{"169f514a-3483-4e10-8698-964f7a612e97":{"type":"1","settings":{"tag":"h3","fontf":"1","text_cl":"#000000","text_fs":50,"text_lh":50,"text_fw":500,"text_ls":2,"mgb":5,"font_italic":false,"font_uppercase":false,"text_shadow":false,"text_fs_tb":50,"text_lh_tb":50,"text_ls_tb":2,"mgb_tb":5,"hidden_mobile":false,"text_fs_mb":20,"text_lh_mb":26,"text_ls_mb":2,"mgb_mb":5}}},"block_order":["169f514a-3483-4e10-8698-964f7a612e97"],"settings":{"image":"shopify:\/\/shop_images\/360_F_361960870_UW7evqdYC5VQloEmRJA3clZGQLq5Zauu.jpg","use_specify_image":false,"parallax":false,"bg_overlay":"#ffffff","bg_opacity":50,"padding_top":10,"padding_bottom":10,"padding_top_tb":10,"padding_bottom_tb":10,"padding_top_mb":10,"padding_bottom_mb":10,"bg_pos":"center center","bg_repeat":"no-repeat","bg_size":"cover","mgb":40,"mgb_tb":40,"mgb_mb":30}},"top":{"type":"four13_child-collections","settings":{"show_top_collections":true,"source":"3","collection_list":"{{ collection.metafields.custom.child_categories.value }}","sort_collections":"alphabetical","box_border":"none","content_align":"center","hidden_mobile":false,"space_item":30,"fontf":"inherit","text_cl":"#ffffff","text_cl_hover":"#b59677","text_fs":14,"text_lh":45,"text_fw":400,"text_ls":0,"font_italic":false,"nav_btn":true,"layout":"t4s-container-wrap","cl_bg":"","cl_bg_gradient":"","mg":"","pd":"","mg_tb":"","pd_tb":"","mg_mb":"","pd_mb":""}},"sidebar":{"type":"sidebar-collection","blocks":{"category_8Mhakk":{"type":"category","settings":{"heading":"Product categories","cat_source":"1","cat_link_list":"","count":false}}},"block_order":["category_8Mhakk"],"settings":{"enable_drawer":false,"space":50,"size":"medium","br_style":"solid","brcolor":"#ffffff","sidebar_bdr":0,"sidebar_pd":15}},"main":{"type":"main-collection","disabled":true,"settings":{"show_desc":false,"position_desc":"2","product_des":"2","show_vendor":false,"use_cdt":false,"image_ratio":"ratio1_1","image_size":"cover","image_position":"8","content_align":"center","limit":1,"enable_listing":true,"enable_listing_default":false,"col_dk":"1","col_tb":"1","col_mb":"1","space_h_item":"15","space_v_item":"15","space_h_item_tb":"15","space_v_item_tb":"15","space_h_item_mb":"15","space_v_item_mb":"15","layout_des":"1","use_pagination":"infinite","enable_bar_lm":false,"btn_icon":false,"button_style":"outline","btns_size":"large","btns_cl":"primary","button_effect":"fade","btn_pos":"t4s-text-center","type_filters":"facets","layout":"t4s-se-container","cl_bg":"#000000","cl_bg_gradient":"","mg":",,50px,","pd":"","mg_tb":",,50px,","pd_tb":"","mg_mb":",,30px,","pd_mb":""}}},"order":["collection-heading-template","top","sidebar","main"]}