{"sections":{"top":{"type":"top-collections","blocks":{"77956919-25fe-40b9-80c8-54fdcbe0dbe5":{"type":"cat","settings":{"collection":"","icon":""}}},"block_order":["77956919-25fe-40b9-80c8-54fdcbe0dbe5"],"settings":{"show_top_collections":true,"source":"1","sort_collections":"alphabetical","box_border":"top","content_align":"center","hidden_mobile":false,"space_item":30,"fontf":"inherit","text_cl":"#222222","text_cl_hover":"#b59677","text_fs":14,"text_lh":45,"text_fw":400,"text_ls":0,"font_italic":false,"nav_btn":true,"layout":"t4s-container-fluid","cl_bg":"","cl_bg_gradient":"","mg":"","pd":"","mg_tb":"","pd_tb":"","mg_mb":"","pd_mb":""}},"collection-heading-template":{"type":"heading-collection","blocks":{"169f514a-3483-4e10-8698-964f7a612e97":{"type":"1","settings":{"tag":"h3","fontf":"2","text_cl":"#ffffff","text_fs":20,"text_lh":20,"text_fw":500,"text_ls":2,"mgb":5,"font_italic":false,"font_uppercase":false,"text_shadow":false,"text_fs_tb":20,"text_lh_tb":20,"text_ls_tb":2,"mgb_tb":5,"hidden_mobile":false,"text_fs_mb":20,"text_lh_mb":20,"text_ls_mb":2,"mgb_mb":5}},"f6352bea-c3e9-4751-960a-07e47c9b84ef":{"type":"2","settings":{"content":"<p>Free Shipping for standard order over $100<\/p>","fontf":"1","text_cl":"#ededed","text_fs":14,"text_lh":24,"text_fw":400,"text_ls":0,"mgb":0,"font_italic":false,"font_uppercase":false,"text_shadow":false,"text_fs_tb":14,"text_lh_tb":24,"text_ls_tb":0,"mgb_tb":0,"hidden_mobile":false,"text_fs_mb":14,"text_lh_mb":24,"text_ls_mb":0,"mgb_mb":0}}},"block_order":["169f514a-3483-4e10-8698-964f7a612e97","f6352bea-c3e9-4751-960a-07e47c9b84ef"],"settings":{"image":"shopify:\/\/shop_images\/shop-banner.jpg","use_specify_image":true,"parallax":false,"bg_overlay":"#000000","bg_opacity":54,"padding_top":50,"padding_bottom":50,"padding_top_tb":50,"padding_bottom_tb":50,"padding_top_mb":50,"padding_bottom_mb":50,"bg_pos":"center center","bg_repeat":"no-repeat","bg_size":"cover","mgb":40,"mgb_tb":40,"mgb_mb":30}},"c83b6db5-d30d-4a2d-bad8-78dd7cee046b":{"type":"collections-list","blocks":{"template--16628156924140__c83b6db5-d30d-4a2d-bad8-78dd7cee046b-1669195986dff1a24d-0":{"type":"collection_item","settings":{"collection":"clothing","image":"shopify:\/\/shop_images\/pinmap-10.jpg","icon":"las la-gem","collection_title":"Women","collection_link":""}},"template--16628156924140__c83b6db5-d30d-4a2d-bad8-78dd7cee046b-1669195986dff1a24d-1":{"type":"collection_item","settings":{"collection":"clothing","image":"shopify:\/\/shop_images\/pinmap-9.jpg","icon":"las la-gem","collection_title":"Men","collection_link":""}},"template--16628156924140__c83b6db5-d30d-4a2d-bad8-78dd7cee046b-1669195986dff1a24d-2":{"type":"collection_item","settings":{"collection":"clothing","image":"shopify:\/\/shop_images\/pinmap-11.jpg","icon":"las la-gem","collection_title":"Clothing","collection_link":""}}},"block_order":["template--16628156924140__c83b6db5-d30d-4a2d-bad8-78dd7cee046b-1669195986dff1a24d-0","template--16628156924140__c83b6db5-d30d-4a2d-bad8-78dd7cee046b-1669195986dff1a24d-1","template--16628156924140__c83b6db5-d30d-4a2d-bad8-78dd7cee046b-1669195986dff1a24d-2"],"settings":{"design_heading":"1","heading_center":true,"top_heading":"","icon_heading":"las la-gem","top_subheading":"","tophead_mb":30,"tophead_mb_tb":30,"tophead_mb_mb":25,"collection_des":"5","title_cl":"#4d5959","title_cl_hover":"#222222","subtitle_cl":"#878787","count_cl":"#222222","border_cl":"#999999","collection_subtitle":"Products","open_link":"_self","source":"image","space_bottom":20,"space_bottom_tb":15,"space_bottom_mb":10,"border":false,"item_pd":0,"item_rd":0,"img_effect":"none","b_effect":"none","image_ratio":"ratioadapt","image_size":"cover","image_position":"8","layout_des":"1","col_dk":"3","col_tb":"3","col_mb":"2","space_h_item":"30","space_v_item":"30","space_h_item_tb":"15","space_v_item_tb":"15","space_h_item_mb":"10","space_v_item_mb":"10","loop":true,"au_time":0,"au_hover":true,"nav_btn":false,"btn_vi":"hover","btn_owl":"default","btn_shape":"none","btn_cl":"dark","btn_size":"small","btn_hidden_mobile":false,"nav_dot":false,"dot_owl":"default","dots_cl":"dark","dots_round":true,"dots_space":10,"dots_hidden_mobile":false,"layout":"t4s-container-wrap","cl_bg":"","cl_bg_gradient":"","mg":",,50px,","pd":"","mg_tb":",,50px,","pd_tb":"","mg_mb":",,30px,","pd_mb":""}},"main":{"type":"main-collection","blocks":{"filter_id":{"type":"filter","settings":{}},"740319a4-8e19-4c70-b8a9-ada7cf235cbc":{"type":"layout","settings":{}},"30594d23-d644-4653-9545-9ff769d2e6ab":{"type":"sortby","settings":{}}},"block_order":["filter_id","740319a4-8e19-4c70-b8a9-ada7cf235cbc","30594d23-d644-4653-9545-9ff769d2e6ab"],"settings":{"show_desc":false,"position_desc":"2","product_des":"5","show_vendor":false,"use_cdt":false,"image_ratio":"ratioadapt","image_size":"cover","image_position":"8","content_align":"default","limit":12,"enable_listing":true,"enable_listing_default":false,"col_dk":"4","col_tb":"4","col_mb":"2","space_h_item":"30","space_v_item":"30","space_h_item_tb":"15","space_v_item_tb":"30","space_h_item_mb":"15","space_v_item_mb":"30","layout_des":"1","use_pagination":"default","enable_bar_lm":true,"btn_icon":false,"button_style":"outline","btns_size":"large","btns_cl":"primary","button_effect":"fade","btn_pos":"t4s-text-center","type_filters":"facets","layout":"t4s-container-wrap","cl_bg":"","cl_bg_gradient":"","mg":",,50px,","pd":"","mg_tb":",,50px,","pd_tb":"","mg_mb":",,30px,","pd_mb":""}},"sidebar":{"type":"sidebar-collection","blocks":{"c7bdf308-8019-4991-b58c-6d3e205a52eb":{"type":"category","settings":{"heading":"Product Categories","cat_source":"1","cat_link_list":"","count":true}},"9d37e80a-1eda-4a65-bb08-199e6a933a16":{"type":"collection","settings":{"heading":"Sale Products","collection":"frontpage","limit_pr":3,"image_ratio":"t4s_ratioadapt","image_size":"t4s_cover","image_position":"t4s_position_8"}},"c090f36e-d6ef-4a2a-ab04-cc78211dadb7":{"type":"image","settings":{"heading":"","img_effect":"zoom","b_link":"","open_link":"_self","content_align":"center","date":"2023\/12\/26","cdt_des":"1","countdown_pos":"2","cdt_size":"small","box_bdr":0,"bd_width":0,"space_item":10,"number_cl":"#ffffff","text_cl":"#222222","border_cl":"#000000","bg_cl":"#000000"}},"b664ca2c-0711-44c1-9e9e-8a745972444e":{"type":"filter","settings":{}}},"block_order":["c7bdf308-8019-4991-b58c-6d3e205a52eb","9d37e80a-1eda-4a65-bb08-199e6a933a16","c090f36e-d6ef-4a2a-ab04-cc78211dadb7","b664ca2c-0711-44c1-9e9e-8a745972444e"],"disabled":true,"settings":{"enable_drawer":false,"space":50,"size":"medium","br_style":"none","brcolor":"#222222","sidebar_bdr":0,"sidebar_pd":15}}},"order":["top","collection-heading-template","c83b6db5-d30d-4a2d-bad8-78dd7cee046b","main","sidebar"]}