{"sections":{"top":{"type":"top-collections","blocks":{"69bbe0dd-0a50-42e8-986b-0d5e6c5cfa67":{"type":"cat","settings":{"collection":"accessories","icon":""}},"863873b6-012e-4a34-90e3-eead750fa3ce":{"type":"cat","settings":{"collection":"clothing","icon":""}},"fc07bff9-6d08-423c-8802-9a03c34f3a31":{"type":"cat","settings":{"collection":"handmade-crafts","icon":""}},"a286cc0b-0c90-4b1a-862c-a1136f283aac":{"type":"cat","settings":{"collection":"men","icon":""}},"23c84729-8fcb-488c-9541-00e283af6afe":{"type":"cat","settings":{"collection":"voka-fashion","icon":""}},"be9b8b8f-6cac-47ab-b809-a2fe640a75a7":{"type":"cat","settings":{"collection":"women","icon":""}}},"block_order":["69bbe0dd-0a50-42e8-986b-0d5e6c5cfa67","863873b6-012e-4a34-90e3-eead750fa3ce","fc07bff9-6d08-423c-8802-9a03c34f3a31","a286cc0b-0c90-4b1a-862c-a1136f283aac","23c84729-8fcb-488c-9541-00e283af6afe","be9b8b8f-6cac-47ab-b809-a2fe640a75a7"],"settings":{"show_top_collections":true,"source":"1","collection_list":[],"sort_collections":"alphabetical_reversed","box_border":"top","content_align":"center","hidden_mobile":false,"space_item":30,"fontf":"inherit","text_cl":"#222222","text_cl_hover":"#b59677","text_fs":14,"text_lh":45,"text_fw":400,"text_ls":0,"font_italic":false,"nav_btn":true,"layout":"t4s-container-fluid","cl_bg":"","cl_bg_gradient":"","mg":"","pd":"","mg_tb":"","pd_tb":"","mg_mb":"","pd_mb":""}},"heading_template":{"type":"heading-collection","blocks":{"3b0cc506-49ea-4851-b5a6-ff7c2153b0e6":{"type":"1","settings":{"tag":"h3","fontf":"inherit","text_cl":"#ffffff","text_fs":20,"text_lh":26,"text_fw":500,"text_ls":2,"mgb":5,"font_italic":false,"font_uppercase":false,"text_shadow":false,"text_fs_tb":20,"text_lh_tb":26,"text_ls_tb":2,"mgb_tb":5,"hidden_mobile":false,"text_fs_mb":20,"text_lh_mb":26,"text_ls_mb":2,"mgb_mb":5}},"02204f34-6e0c-4e3d-bb30-3459a6c698c8":{"type":"2","settings":{"content":"<p>Free Shipping for standard order over $100<\/p>","fontf":"inherit","text_cl":"#ededed","text_fs":14,"text_lh":20,"text_fw":400,"text_ls":0,"mgb":0,"font_italic":false,"font_uppercase":false,"text_shadow":false,"text_fs_tb":14,"text_lh_tb":20,"text_ls_tb":0,"mgb_tb":0,"hidden_mobile":false,"text_fs_mb":14,"text_lh_mb":20,"text_ls_mb":0,"mgb_mb":0}}},"block_order":["3b0cc506-49ea-4851-b5a6-ff7c2153b0e6","02204f34-6e0c-4e3d-bb30-3459a6c698c8"],"settings":{"image":"shopify:\/\/shop_images\/shop-banner.jpg","use_specify_image":false,"parallax":true,"bg_overlay":"#000000","bg_opacity":54,"padding_top":50,"padding_bottom":50,"padding_top_tb":50,"padding_bottom_tb":50,"padding_top_mb":50,"padding_bottom_mb":50,"bg_pos":"left center","bg_repeat":"inherit","bg_size":"cover","mgb":50,"mgb_tb":50,"mgb_mb":50}},"main":{"type":"main-packery-collection","blocks":{"filter_id":{"type":"filter","settings":{"style_filters":"area"}},"30594d23-d644-4653-9545-9ff769d2e6ab":{"type":"sortby","settings":{}}},"block_order":["filter_id","30594d23-d644-4653-9545-9ff769d2e6ab"],"settings":{"show_vendor":false,"use_cdt":false,"type_filters":"facets","image_ratio":"ratioadapt","image_size":"cover","image_position":"8","content_align":"default","limit":14,"space_h_item":"30","space_v_item":"30","space_h_item_tb":"15","space_v_item_tb":"15","space_h_item_mb":"10","space_v_item_mb":"10","use_pagination":"load-more","enable_bar_lm":true,"btn_icon":false,"button_style":"outline","btns_size":"2","btns_cl":"dark","button_effect":"fade","btn_pos":"t4s-text-center","layout":"t4s-container-wrap","cl_bg":"","cl_bg_gradient":"","mg":",,50px,","pd":"","mg_tb":",,50px,","pd_tb":"","mg_mb":",,30px,","pd_mb":""}},"sidebar":{"type":"sidebar-collection","blocks":{"c7bdf308-8019-4991-b58c-6d3e205a52eb":{"type":"category","settings":{"heading":"Product Categories","cat_source":"1","cat_link_list":"","count":true}},"9d37e80a-1eda-4a65-bb08-199e6a933a16":{"type":"collection","settings":{"heading":"Sale Products","collection":"frontpage","limit_pr":3,"image_ratio":"t4s_ratioadapt","image_size":"t4s_cover","image_position":"t4s_position_8"}},"c090f36e-d6ef-4a2a-ab04-cc78211dadb7":{"type":"image","settings":{"heading":"","img_effect":"zoom","b_link":"","open_link":"_self","content_align":"center","date":"2023\/12\/26","cdt_des":"1","countdown_pos":"2","cdt_size":"small","box_bdr":0,"bd_width":0,"space_item":10,"number_cl":"#ffffff","text_cl":"#222222","border_cl":"#000000","bg_cl":"#000000"}}},"block_order":["c7bdf308-8019-4991-b58c-6d3e205a52eb","9d37e80a-1eda-4a65-bb08-199e6a933a16","c090f36e-d6ef-4a2a-ab04-cc78211dadb7"],"disabled":true,"settings":{"enable_drawer":false,"space":50,"size":"medium","br_style":"none","brcolor":"#222222","sidebar_bdr":0,"sidebar_pd":15}}},"order":["top","heading_template","main","sidebar"]}