{"sections":{"custom_section_FztBUH":{"type":"custom-section","blocks":{"bl_col_YRYkEW":{"type":"bl_col","settings":{"col_dk":"12","col_dk_w":"33.33333","col_tb":"12","col_dk_w_tb":"33.33333","col_mb":"12","align_vertical":false,"content_align":"center","content_align_tablet":"center","content_align_mobile":"center","padding_inner":"30px,,30px","padding_inner_tb":"","padding_inner_mb":"","bg_cl":"rgba(0,0,0,0)"}},"custom_text_iTdwdh":{"type":"custom_text","settings":{"text":"ALL-SEASON DECOR MADE EASY","remove_br_tag_tb":false,"remove_br_tag_mb":true,"tag":"h2","fontf":"1","text_cl":"#ffffff","text_fs":50,"text_lh":0,"text_fw":500,"text_ls":0,"font_italic":false,"text_shadow":false,"mgb":5,"text_fs_tb":50,"text_lh_tb":0,"text_ls_tb":0,"mgb_tb":10,"hidden_mobile":false,"text_fs_mb":35,"text_lh_mb":0,"text_ls_mb":0,"mgb_mb":10}},"custom_text_pRKtne":{"type":"custom_text","settings":{"text":"Established in 1954, The Decor Group, Inc. stands as a beacon of trust in the realm of commercial Christmas <br> decoration. With a rich legacy spanning decades, we specialize in delivering unparalleled products, <br>comprehensive training, and unwavering support within the holiday decorating and outdoor lighting sectors.","remove_br_tag_tb":false,"remove_br_tag_mb":true,"tag":"p","fontf":"2","text_cl":"#ffffff","text_fs":16,"text_lh":24,"text_fw":100,"text_ls":0,"font_italic":false,"text_shadow":false,"mgb":0,"text_fs_tb":16,"text_lh_tb":24,"text_ls_tb":0,"mgb_tb":10,"hidden_mobile":false,"text_fs_mb":15,"text_lh_mb":20,"text_ls_mb":0,"mgb_mb":10}}},"block_order":["bl_col_YRYkEW","custom_text_iTdwdh","custom_text_pRKtne"],"settings":{"space_h_item":"30","space_v_item":"30","space_h_item_tb":"15","space_v_item_tb":"15","space_h_item_mb":"10","space_v_item_mb":"10","layout":"t4s-container-wrap","cl_bg":"","cl_bg_gradient":"","mg":"","pd":"","mg_tb":"","pd_tb":"","mg_mb":"20px,,,","pd_mb":""}},"four13_home_collection_mAG98p":{"type":"four13_home-collection","settings":{"code":"","layout":"t4s-container-wrap","cl_bg":"","cl_bg_gradient":"","mg":"50px,,50px,","pd":"","mg_tb":",,50px,","pd_tb":"","mg_mb":",,30px,","pd_mb":""}},"custom_section_FpUJcJ":{"type":"custom-section","blocks":{"bl_col_FM6KKe":{"type":"bl_col","settings":{"col_dk":"12","col_dk_w":"33.33333","col_tb":"12","col_dk_w_tb":"33.33333","col_mb":"12","align_vertical":false,"content_align":"center","content_align_tablet":"center","content_align_mobile":"center","padding_inner":"20px,20px,0,20px","padding_inner_tb":"20px,20px,0,20px","padding_inner_mb":"20px,20px,0,20px","bg_image":"shopify:\/\/shop_images\/360_F_361960870_UW7evqdYC5VQloEmRJA3clZGQLq5Zauu.jpg","bg_cl":"#ffffff"}},"custom_text_PXDnKk":{"type":"custom_text","settings":{"text":"A Trusted Leader in <br>Commercial Holiday Decor Since 1954","remove_br_tag_tb":true,"remove_br_tag_mb":true,"tag":"h2","fontf":"inherit","text_cl":"#000000","text_fs":50,"text_lh":0,"text_fw":500,"text_ls":0,"font_italic":false,"text_shadow":false,"mgb":5,"text_fs_tb":40,"text_lh_tb":0,"text_ls_tb":0,"mgb_tb":10,"hidden_mobile":false,"text_fs_mb":25,"text_lh_mb":0,"text_ls_mb":0,"mgb_mb":10}},"custom_text_wg9Rt4":{"type":"custom_text","settings":{"text":"The Decor Group, Inc. is guided by relentless focus on our core values, and to help customers, vendors, employees, and other stakeholders to reach and exceed their goals.","remove_br_tag_tb":false,"remove_br_tag_mb":true,"tag":"p","fontf":"inherit","text_cl":"#000000","text_fs":18,"text_lh":24,"text_fw":400,"text_ls":0,"font_italic":false,"text_shadow":false,"mgb":20,"text_fs_tb":18,"text_lh_tb":24,"text_ls_tb":0,"mgb_tb":18,"hidden_mobile":false,"text_fs_mb":16,"text_lh_mb":20,"text_ls_mb":0,"mgb_mb":10}}},"block_order":["bl_col_FM6KKe","custom_text_PXDnKk","custom_text_wg9Rt4"],"settings":{"space_h_item":"30","space_v_item":"30","space_h_item_tb":"15","space_v_item_tb":"15","space_h_item_mb":"10","space_v_item_mb":"10","layout":"t4s-container-wrap","cl_bg":"","cl_bg_gradient":"","mg":",,50px,","pd":"","mg_tb":",,50px,","pd_tb":"","mg_mb":",,30px,","pd_mb":""}},"custom_section_Fej3fQ":{"type":"custom-section","blocks":{"bl_col_ettiik":{"type":"bl_col","settings":{"col_dk":"12","col_dk_w":"33.33333","col_tb":"12","col_dk_w_tb":"33.33333","col_mb":"12","align_vertical":false,"content_align":"center","content_align_tablet":"center","content_align_mobile":"center","padding_inner":"","padding_inner_tb":"","padding_inner_mb":"","bg_cl":"rgba(0,0,0,0)"}},"custom_text_ctB4Jq":{"type":"custom_text","settings":{"text":"OUR VALUES","remove_br_tag_tb":true,"remove_br_tag_mb":true,"tag":"h2","fontf":"inherit","text_cl":"#ebc878","text_fs":50,"text_lh":0,"text_fw":500,"text_ls":0,"font_italic":false,"text_shadow":false,"mgb":5,"text_fs_tb":50,"text_lh_tb":0,"text_ls_tb":0,"mgb_tb":10,"hidden_mobile":false,"text_fs_mb":40,"text_lh_mb":0,"text_ls_mb":0,"mgb_mb":10}},"bl_col_PYNiM9":{"type":"bl_col","settings":{"col_dk":"3","col_dk_w":"33.33333","col_tb":"3","col_dk_w_tb":"33.33333","col_mb":"12","align_vertical":false,"content_align":"center","content_align_tablet":"center","content_align_mobile":"center","padding_inner":"","padding_inner_tb":"","padding_inner_mb":"","bg_cl":"#000000"}},"image_9XYpLi":{"type":"image","settings":{"image_child":"shopify:\/\/shop_images\/1.png","img_width":100,"img_width_tb":100,"img_width_mb":100,"hidden_mobile":false,"mgb":10,"mgb_tb":10,"mgb_mb":10}},"custom_text_TW79Dq":{"type":"custom_text","settings":{"text":"CONSISTENCY","remove_br_tag_tb":false,"remove_br_tag_mb":true,"tag":"h2","fontf":"1","text_cl":"#ebc878","text_fs":30,"text_lh":0,"text_fw":400,"text_ls":0,"font_italic":false,"text_shadow":false,"mgb":10,"text_fs_tb":30,"text_lh_tb":0,"text_ls_tb":0,"mgb_tb":8,"hidden_mobile":false,"text_fs_mb":30,"text_lh_mb":0,"text_ls_mb":0,"mgb_mb":10}},"custom_text_YeqN4G":{"type":"custom_text","settings":{"text":"Being consistent is paramount in all we do. Our goal is to provide clarity of direction and reliable results, so stakeholders know what to expect.","remove_br_tag_tb":false,"remove_br_tag_mb":true,"tag":"p","fontf":"2","text_cl":"#ffffff","text_fs":16,"text_lh":20,"text_fw":100,"text_ls":0,"font_italic":false,"text_shadow":false,"mgb":15,"text_fs_tb":16,"text_lh_tb":0,"text_ls_tb":0,"mgb_tb":10,"hidden_mobile":false,"text_fs_mb":16,"text_lh_mb":0,"text_ls_mb":0,"mgb_mb":10}},"bl_col_iJJMhY":{"type":"bl_col","settings":{"col_dk":"3","col_dk_w":"33.33333","col_tb":"3","col_dk_w_tb":"33.33333","col_mb":"12","align_vertical":false,"content_align":"center","content_align_tablet":"center","content_align_mobile":"center","padding_inner":"","padding_inner_tb":"","padding_inner_mb":"","bg_cl":"#000000"}},"image_PRVjzW":{"type":"image","settings":{"image_child":"shopify:\/\/shop_images\/2.png","img_width":100,"img_width_tb":100,"img_width_mb":100,"hidden_mobile":false,"mgb":10,"mgb_tb":10,"mgb_mb":10}},"custom_text_3HGf3d":{"type":"custom_text","settings":{"text":"ACCOUNTABILITY","remove_br_tag_tb":false,"remove_br_tag_mb":true,"tag":"h2","fontf":"1","text_cl":"#ebc878","text_fs":30,"text_lh":0,"text_fw":400,"text_ls":0,"font_italic":false,"text_shadow":false,"mgb":10,"text_fs_tb":30,"text_lh_tb":0,"text_ls_tb":0,"mgb_tb":8,"hidden_mobile":false,"text_fs_mb":30,"text_lh_mb":0,"text_ls_mb":0,"mgb_mb":10}},"custom_text_7xRDe4":{"type":"custom_text","settings":{"text":"We will do our best to forecast, acknowledge and address issues to stay in front of them. We will always do our best to do the right thing.","remove_br_tag_tb":false,"remove_br_tag_mb":true,"tag":"p","fontf":"2","text_cl":"#ffffff","text_fs":16,"text_lh":20,"text_fw":100,"text_ls":0,"font_italic":false,"text_shadow":false,"mgb":15,"text_fs_tb":16,"text_lh_tb":0,"text_ls_tb":0,"mgb_tb":10,"hidden_mobile":false,"text_fs_mb":16,"text_lh_mb":0,"text_ls_mb":0,"mgb_mb":10}},"bl_col_qjcadQ":{"type":"bl_col","settings":{"col_dk":"3","col_dk_w":"33.33333","col_tb":"3","col_dk_w_tb":"33.33333","col_mb":"12","align_vertical":false,"content_align":"center","content_align_tablet":"center","content_align_mobile":"center","padding_inner":"","padding_inner_tb":"","padding_inner_mb":"","bg_cl":"#000000"}},"image_VfKUeK":{"type":"image","settings":{"image_child":"shopify:\/\/shop_images\/3.png","img_width":100,"img_width_tb":100,"img_width_mb":100,"hidden_mobile":false,"mgb":10,"mgb_tb":10,"mgb_mb":10}},"custom_text_3XVQqL":{"type":"custom_text","settings":{"text":"RELEVANCE","remove_br_tag_tb":false,"remove_br_tag_mb":true,"tag":"h2","fontf":"1","text_cl":"#ebc878","text_fs":30,"text_lh":0,"text_fw":400,"text_ls":0,"font_italic":false,"text_shadow":false,"mgb":10,"text_fs_tb":30,"text_lh_tb":0,"text_ls_tb":0,"mgb_tb":8,"hidden_mobile":false,"text_fs_mb":30,"text_lh_mb":0,"text_ls_mb":0,"mgb_mb":10}},"custom_text_NBX8qU":{"type":"custom_text","settings":{"text":"We want to maintain relevance in the lives of our customers, vendors, and employees through the provision of support, training, investment, and creativity.","remove_br_tag_tb":false,"remove_br_tag_mb":true,"tag":"p","fontf":"2","text_cl":"#ffffff","text_fs":16,"text_lh":20,"text_fw":100,"text_ls":0,"font_italic":false,"text_shadow":false,"mgb":15,"text_fs_tb":16,"text_lh_tb":0,"text_ls_tb":0,"mgb_tb":10,"hidden_mobile":false,"text_fs_mb":16,"text_lh_mb":0,"text_ls_mb":0,"mgb_mb":10}},"bl_col_8rQXie":{"type":"bl_col","settings":{"col_dk":"3","col_dk_w":"33.33333","col_tb":"3","col_dk_w_tb":"33.33333","col_mb":"12","align_vertical":false,"content_align":"center","content_align_tablet":"center","content_align_mobile":"center","padding_inner":"","padding_inner_tb":"","padding_inner_mb":"","bg_cl":"#000000"}},"image_hWUkHn":{"type":"image","settings":{"image_child":"shopify:\/\/shop_images\/4.png","img_width":100,"img_width_tb":100,"img_width_mb":100,"hidden_mobile":false,"mgb":10,"mgb_tb":10,"mgb_mb":10}},"custom_text_iijRRR":{"type":"custom_text","settings":{"text":"ETHICS","remove_br_tag_tb":false,"remove_br_tag_mb":true,"tag":"h2","fontf":"1","text_cl":"#ebc878","text_fs":30,"text_lh":0,"text_fw":400,"text_ls":0,"font_italic":false,"text_shadow":false,"mgb":10,"text_fs_tb":30,"text_lh_tb":0,"text_ls_tb":0,"mgb_tb":8,"hidden_mobile":false,"text_fs_mb":30,"text_lh_mb":0,"text_ls_mb":0,"mgb_mb":10}},"custom_text_9CpRAJ":{"type":"custom_text","settings":{"text":"Through communication, strong relationships, and our actions, we will continue to build trust with our stakeholders.","remove_br_tag_tb":false,"remove_br_tag_mb":true,"tag":"p","fontf":"2","text_cl":"#ffffff","text_fs":16,"text_lh":20,"text_fw":100,"text_ls":0,"font_italic":false,"text_shadow":false,"mgb":15,"text_fs_tb":16,"text_lh_tb":0,"text_ls_tb":0,"mgb_tb":10,"hidden_mobile":false,"text_fs_mb":16,"text_lh_mb":0,"text_ls_mb":0,"mgb_mb":10}},"bl_col_ze7YKm":{"type":"bl_col","settings":{"col_dk":"12","col_dk_w":"33.33333","col_tb":"12","col_dk_w_tb":"33.33333","col_mb":"12","align_vertical":false,"content_align":"center","content_align_tablet":"center","content_align_mobile":"center","padding_inner":"","padding_inner_tb":"","padding_inner_mb":"","bg_cl":"#000000"}},"custom_text_jQfD3k":{"type":"custom_text","settings":{"text":"Above all else, we will always strive for excellence, maintain the highest levels of professional courtesy, and treat others better than we want to be treated.","remove_br_tag_tb":false,"remove_br_tag_mb":true,"tag":"p","fontf":"2","text_cl":"#ffffff","text_fs":16,"text_lh":20,"text_fw":100,"text_ls":0,"font_italic":false,"text_shadow":false,"mgb":15,"text_fs_tb":16,"text_lh_tb":0,"text_ls_tb":0,"mgb_tb":10,"hidden_mobile":false,"text_fs_mb":16,"text_lh_mb":0,"text_ls_mb":0,"mgb_mb":10}},"space_html_rXEBJi":{"type":"space_html","settings":{"color":"#da9d12","width":75,"height":1,"mgb":20,"width_tb":40,"height_tb":2,"mgb_tb":20,"width_mb":40,"height_mb":2,"hidden_mobile":false,"mgb_mb":20}},"html_3LVVra":{"type":"html","settings":{"html_content":"<br>","hidden_mobile":false}},"custom_text_iAqUna":{"type":"custom_text","settings":{"text":"OUR MISSION","remove_br_tag_tb":true,"remove_br_tag_mb":true,"tag":"h2","fontf":"inherit","text_cl":"#ebc878","text_fs":50,"text_lh":0,"text_fw":500,"text_ls":0,"font_italic":false,"text_shadow":false,"mgb":5,"text_fs_tb":50,"text_lh_tb":0,"text_ls_tb":0,"mgb_tb":10,"hidden_mobile":false,"text_fs_mb":40,"text_lh_mb":0,"text_ls_mb":0,"mgb_mb":10}},"custom_text_j6y48L":{"type":"custom_text","settings":{"text":"The Decor Group Brands provide premium quality products, comprehensive education and proven business systems that help existing companies and entrepreneurs profitability add specialty services, product, and retail divisions to their organizations.\n<br>\nWe are committed to constant and never ending improvement in everything we do every day.","remove_br_tag_tb":false,"remove_br_tag_mb":true,"tag":"p","fontf":"2","text_cl":"#ffffff","text_fs":16,"text_lh":20,"text_fw":100,"text_ls":0,"font_italic":false,"text_shadow":false,"mgb":15,"text_fs_tb":16,"text_lh_tb":0,"text_ls_tb":0,"mgb_tb":10,"hidden_mobile":false,"text_fs_mb":16,"text_lh_mb":0,"text_ls_mb":0,"mgb_mb":10}}},"block_order":["bl_col_ettiik","custom_text_ctB4Jq","bl_col_PYNiM9","image_9XYpLi","custom_text_TW79Dq","custom_text_YeqN4G","bl_col_iJJMhY","image_PRVjzW","custom_text_3HGf3d","custom_text_7xRDe4","bl_col_qjcadQ","image_VfKUeK","custom_text_3XVQqL","custom_text_NBX8qU","bl_col_8rQXie","image_hWUkHn","custom_text_iijRRR","custom_text_9CpRAJ","bl_col_ze7YKm","custom_text_jQfD3k","space_html_rXEBJi","html_3LVVra","custom_text_iAqUna","custom_text_j6y48L"],"settings":{"space_h_item":"30","space_v_item":"30","space_h_item_tb":"15","space_v_item_tb":"15","space_h_item_mb":"10","space_v_item_mb":"10","layout":"t4s-container-wrap","cl_bg":"","cl_bg_gradient":"","mg":",,50px,","pd":"","mg_tb":",,50px,","pd_tb":"","mg_mb":",,30px,","pd_mb":""}},"image_text_yDFnkP":{"type":"image-text","blocks":{"bl_image_BmwPrf":{"type":"bl_image","settings":{"image1":"shopify:\/\/shop_images\/Tranquility_Lighting_Category_Image.jpg","col_dk":"6","col_tb":"6","layout_des":"carousel","post_mobile":"default","image_ratio":"ratioadapt","image_size":"cover","loop":true,"au_time":0,"au_hover":true,"nav_btn":false,"btn_vi":"hover","btn_owl":"default","btn_shape":"none","btn_cl":"dark","btn_size":"small","btn_hidden_mobile":false,"nav_dot":false,"dot_owl":"default","dots_cl":"dark","dots_round":true,"dots_space":10,"dots_hidden_mobile":false}},"bl_text_brnV3n":{"type":"bl_text","settings":{"col_dk":"6","col_tb":"6","text_size":"40,15","txt_align":"center","sub_heading":"ELEVATE YOUR HOLIDAYS WITH","heading":"The Decor Group","text":"<p>Join the ranks of those who transform their spaces into mesmerizing wonderlands during the holiday season and beyond. The Decor Group, an international leader in professional Holiday Decorating Services and Outdoor Lighting, brings unparalleled expertise and innovation to your doorstep.<\/p><p>With a legacy built on excellence, The Decor Group offers a comprehensive suite of services and products tailored to make your home or business shine brighter than ever before. Our team is dedicated to ensuring every detail of your holiday décor exceeds expectations, from conception to installation.<\/p><p><\/p><p>Looking to infuse joy into every moment, all year long? The Decor Group goes beyond traditional holiday decor, offering themed designs that span from Valentine's Day to Easter, Halloween, and beyond. No matter the occasion, we've got your space covered with enchanting decorations that inspire delight and create lasting memories.<\/p>","subhd_color":"#000000","hd_color":"#000000","des_color":"#000000","use_shadow":false,"button_label":"Button label","button_link":"","open_link":"_blank","btn_icon":false,"button_style":"default","btn_size":"default","btn_cl":"dark","button_effect":"default"}}},"block_order":["bl_image_BmwPrf","bl_text_brnV3n"],"settings":{"design_heading":"1","heading_center":true,"top_heading":"","icon_heading":"las la-gem","top_subheading":"","tophead_mb":30,"tophead_mb_tb":30,"tophead_mb_mb":25,"space_h_item":"30","space_v_item":"30","space_h_item_tb":"15","space_v_item_tb":"15","space_h_item_mb":"10","space_v_item_mb":"10","layout":"t4s-container-wrap","cl_bg":"#ebc878","cl_bg_gradient":"","mg":",,50px,","pd":"50px,,50px,","mg_tb":",,50px,","pd_tb":"","mg_mb":",,30px,","pd_mb":""}},"image_gallery_xjGyF8":{"type":"image-gallery","blocks":{"image_item_qbMtBN":{"type":"image_item","settings":{"image":"shopify:\/\/shop_images\/22351694_510586985942170_4584609561045893120_n.jpg","link":""}},"image_item_bfdrFH":{"type":"image_item","settings":{"image":"shopify:\/\/shop_images\/32475253_203513213782521_7346084446438686720_n.jpg","link":""}},"image_item_VpJapX":{"type":"image_item","settings":{"image":"shopify:\/\/shop_images\/22159525_236128413583288_4625013082903543808_n.jpg","link":""}},"image_item_cDqgiP":{"type":"image_item","settings":{"image":"shopify:\/\/shop_images\/24177634_1908670009450571_5035349989165891584_n.jpg","link":""}},"image_item_hjD4KR":{"type":"image_item","settings":{"image":"shopify:\/\/shop_images\/26072465_1583237371730157_4602484922874068992_n.jpg","link":""}},"image_item_t4wCYc":{"type":"image_item","settings":{"image":"shopify:\/\/shop_images\/25018716_738263153045473_1001781201733681152_n.jpg","link":""}},"image_item_gHKRWA":{"type":"image_item","settings":{"image":"shopify:\/\/shop_images\/24177485_2001534863459761_1785712629898018816_n.jpg","link":""}},"image_item_bdVDLn":{"type":"image_item","settings":{"image":"shopify:\/\/shop_images\/28435807_551389041912707_2782794866826936320_n.jpg","link":""}},"image_item_FmqFRK":{"type":"image_item","settings":{"image":"shopify:\/\/shop_images\/30915196_2131507713749527_2365569219568861184_n.jpg","link":""}},"image_item_jYAAF7":{"type":"image_item","settings":{"image":"shopify:\/\/shop_images\/22582693_1522897761079238_3602610957202751488_n.jpg","link":""}},"image_item_AfkLKh":{"type":"image_item","settings":{"image":"shopify:\/\/shop_images\/25009459_567898656883951_2291770007702470656_n.jpg","link":""}},"image_item_TjbkGP":{"type":"image_item","settings":{"image":"shopify:\/\/shop_images\/23596662_789683427882382_5228142975069978624_n.jpg","link":""}}},"block_order":["image_item_qbMtBN","image_item_bfdrFH","image_item_VpJapX","image_item_cDqgiP","image_item_hjD4KR","image_item_t4wCYc","image_item_gHKRWA","image_item_bdVDLn","image_item_FmqFRK","image_item_jYAAF7","image_item_AfkLKh","image_item_TjbkGP"],"settings":{"design_heading":"1","heading_center":true,"top_heading":"Follow us at Instagram","icon_heading":"las la-gem","top_subheading":"<p>@thedecorgroup<\/p>","tophead_mb":30,"tophead_mb_tb":30,"tophead_mb_mb":25,"layout_des":"2","click_image":"data-t4s-gallery","nav_thumbs":true,"open_link":"_self","item_rd":0,"img_effect":"none","b_effect":"border-run","image_ratio":"ratio4_3","image_size":"cover","col_dk":"4","col_tb":"3","col_mb":"1","space_h_item":"30","space_v_item":"30","space_h_item_tb":"15","space_v_item_tb":"15","space_h_item_mb":"10","space_v_item_mb":"10","loop":true,"au_time":3,"au_hover":false,"nav_btn":true,"btn_vi":"always","btn_owl":"default","btn_shape":"round","btn_cl":"light","btn_size":"small","btn_hidden_mobile":false,"nav_dot":true,"dot_owl":"default","dots_cl":"dark","dots_round":false,"dots_space":10,"layout":"t4s-container-wrap","cl_bg":"","cl_bg_gradient":"","mg":",,50px,","pd":"","mg_tb":",,50px,","pd_tb":"","mg_mb":",,30px,","pd_mb":""}},"newsletter_RYwfVw":{"type":"newsletter","blocks":{"custom_text_kELFQa":{"type":"custom_text","settings":{"text":"Experience Enchantment in Your Inbox!","remove_br_tag_tb":false,"remove_br_tag_mb":true,"tag":"h2","fontf":"1","text_cl":"#da9d12","text_fs":40,"text_lh":0,"text_fw":600,"text_ls":0,"font_italic":false,"text_shadow":false,"mgb":0,"text_fs_tb":40,"text_lh_tb":0,"text_ls_tb":0,"mgb_tb":10,"hidden_mobile":false,"text_fs_mb":30,"text_lh_mb":0,"text_ls_mb":0,"mgb_mb":10}},"custom_text_EVpjeK":{"type":"custom_text","settings":{"text":"Subscribe to <b> The Decor Group's <\/b>newsletter for exclusive offers, industry insights, and seasonal updates.","remove_br_tag_tb":false,"remove_br_tag_mb":true,"tag":"p","fontf":"inherit","text_cl":"#000000","text_fs":18,"text_lh":24,"text_fw":400,"text_ls":0,"font_italic":false,"text_shadow":false,"mgb":30,"text_fs_tb":18,"text_lh_tb":0,"text_ls_tb":0,"mgb_tb":10,"hidden_mobile":false,"text_fs_mb":18,"text_lh_mb":0,"text_ls_mb":0,"mgb_mb":10}},"newsletter_Nw7aBE":{"type":"newsletter","settings":{"form_width":800,"form_width_tb":0,"form_width_mb":0,"newl_des":"4","newl_size":"small","btn_icon":false,"input_cl":"#000000","input_bg_cl":"rgba(0,0,0,0)","border_cl":"#000000","btn_cl":"#ffffff","btn_bg_cl":"#000000","btn_hover_cl":"#ffffff","btn_hover_bg_cl":"#da9d12","hidden_mobile":false,"mgb":15,"mgb_tb":10,"mgb_mb":10}}},"block_order":["custom_text_kELFQa","custom_text_EVpjeK","newsletter_Nw7aBE"],"settings":{"design_heading":"1","heading_center":true,"top_heading":"","icon_heading":"las la-gem","top_subheading":"","tophead_mb":30,"tophead_mb_tb":30,"tophead_mb_mb":25,"content_align":"all-center","news_overlay":"#000000","news_overlay_opacity":0,"layout":"t4s-se-container","cl_bg":"#ffffff","cl_bg_gradient":"","parallax":false,"mg":",,50px,","pd":"50px,,50px,","mg_tb":",,50px,","pd_tb":"50px,,50px,","mg_mb":",,30px,","pd_mb":"25px,15px,25px,15px"}},"image_gallery_nCPy9z":{"type":"image-gallery","blocks":{"image_item_L9ERDw":{"type":"image_item","settings":{"image":"shopify:\/\/shop_images\/christmas.png","link":""}},"image_item_8V43rC":{"type":"image_item","settings":{"image":"shopify:\/\/shop_images\/barcana.png","link":""}},"image_item_EhWGWw":{"type":"image_item","settings":{"image":"shopify:\/\/shop_images\/nite.png","link":""}},"image_item_htFQtd":{"type":"image_item","settings":{"image":"shopify:\/\/shop_images\/permalites.png","link":""}}},"block_order":["image_item_L9ERDw","image_item_8V43rC","image_item_EhWGWw","image_item_htFQtd"],"settings":{"design_heading":"1","heading_center":true,"top_heading":"","icon_heading":"las la-gem","top_subheading":"","tophead_mb":30,"tophead_mb_tb":30,"tophead_mb_mb":25,"layout_des":"1","click_image":"data-t4s-gallery","nav_thumbs":true,"open_link":"_blank","item_rd":0,"img_effect":"none","b_effect":"none","image_ratio":"ratioadapt","image_size":"cover","col_dk":"4","col_tb":"3","col_mb":"2","space_h_item":"30","space_v_item":"30","space_h_item_tb":"15","space_v_item_tb":"15","space_h_item_mb":"10","space_v_item_mb":"10","loop":true,"au_time":0,"au_hover":true,"nav_btn":true,"btn_vi":"hover","btn_owl":"default","btn_shape":"none","btn_cl":"dark","btn_size":"small","btn_hidden_mobile":false,"nav_dot":true,"dot_owl":"default","dots_cl":"dark","dots_round":false,"dots_space":10,"layout":"t4s-container-wrap","cl_bg":"","cl_bg_gradient":"","mg":",,50px,","pd":"","mg_tb":",,50px,","pd_tb":"","mg_mb":",,30px,","pd_mb":""}}},"order":["custom_section_FztBUH","four13_home_collection_mAG98p","custom_section_FpUJcJ","custom_section_Fej3fQ","image_text_yDFnkP","image_gallery_xjGyF8","newsletter_RYwfVw","image_gallery_nCPy9z"]}