{"sections":{"heading":{"type":"heading-dynamic","blocks":{"8a07976b-2d4e-4066-ad3b-2d7a9e79fae0":{"type":"1","settings":{"heading":"All Collections","tag":"h2","fontf":"1","text_cl":"#000000","text_fs":50,"text_lh":50,"text_fw":500,"text_ls":2,"mgb":0,"font_italic":false,"font_uppercase":false,"text_shadow":false,"text_fs_tb":50,"text_lh_tb":50,"text_ls_tb":2,"mgb_tb":0,"hidden_mobile":false,"text_fs_mb":40,"text_lh_mb":40,"text_ls_mb":2,"mgb_mb":0}}},"block_order":["8a07976b-2d4e-4066-ad3b-2d7a9e79fae0"],"settings":{"image":"shopify:\/\/shop_images\/360_F_361960870_UW7evqdYC5VQloEmRJA3clZGQLq5Zauu.jpg","parallax":false,"bg_overlay":"#ffffff","bg_opacity":50,"padding_top":10,"padding_bottom":10,"padding_top_tb":10,"padding_bottom_tb":10,"padding_top_mb":10,"padding_bottom_mb":10,"bg_pos":"center center","bg_repeat":"no-repeat","bg_size":"cover","mgb":50,"mgb_tb":50,"mgb_mb":50}},"main":{"type":"main-list-collections","custom_css":[".t4s-container {margin-top: 50px;}"],"settings":{"cat_design":"8","title_cl":"#4d5959","title_cl_hover":"#4d5959","subtitle_cl":"#999999","count_cl":"#222222","border_cl":"#e5e5e5","display_type":"all","limit":35,"layout_des":"1","col_dk":"4","col_tb":"3","col_mb":"2","space_h_item":"30","space_v_item":"30","space_h_item_tb":"15","space_v_item_tb":"30","space_h_item_mb":"10","space_v_item_mb":"30","space_bottom":15,"space_bottom_tb":15,"space_bottom_mb":15,"border":false,"item_pd":0,"item_rd":0,"img_effect":"none","b_effect":"none","image_ratio":"t4s_ratioadapt","image_size":"t4s_cover","image_position":"t4s_position_8","use_pagination":"default","enable_bar_lm":false,"btn_icon":false,"button_style":"default","btns_size":"large","btns_cl":"primary","button_effect":"fade","btn_pos":"t4s-text-center","pr_txt":"products","layout":"t4s-container-wrap","cl_bg":"","cl_bg_gradient":"","mg":",,80px,","pd":"","mg_tb":",,50px,","pd_tb":"","mg_mb":",,50px,","pd_mb":""}}},"order":["heading","main"]}