{"sections":{"heading":{"type":"heading-static","blocks":{"7b5146f4-dbe6-43f0-8a48-d29d083c0176":{"type":"1","settings":{"tag":"h2","fontf":"1","text_cl":"#000000","text_fs":50,"text_lh":50,"text_fw":500,"text_ls":2,"mgb":0,"font_italic":false,"font_uppercase":false,"text_shadow":false,"text_fs_tb":50,"text_lh_tb":50,"text_ls_tb":2,"mgb_tb":0,"hidden_mobile":false,"text_fs_mb":30,"text_lh_mb":30,"text_ls_mb":2,"mgb_mb":0}}},"block_order":["7b5146f4-dbe6-43f0-8a48-d29d083c0176"],"settings":{"image":"shopify:\/\/shop_images\/360_F_361960870_UW7evqdYC5VQloEmRJA3clZGQLq5Zauu.jpg","parallax":false,"bg_overlay":"#ffffff","bg_opacity":36,"padding_top":10,"padding_bottom":10,"padding_top_tb":10,"padding_bottom_tb":10,"padding_top_mb":10,"padding_bottom_mb":10,"bg_pos":"center center","bg_repeat":"no-repeat","bg_size":"cover","mgb":0,"mgb_tb":0,"mgb_mb":0}},"main":{"type":"main-page","disabled":true,"settings":{"layout":"t4s-container-wrap","cl_bg":"","cl_bg_gradient":"","mg":"60px,,60px,","pd":"","mg_tb":"60px,,60px,","pd_tb":"","mg_mb":"60px,,60px,","pd_mb":""}},"sidebar-page":{"type":"sidebar-page","blocks":{"f69681ed-b75e-42de-be58-fdf73b3b7e08":{"type":"blog_cate","settings":{"title":"Blog categories","cat_link_list":"","count":true}}},"block_order":["f69681ed-b75e-42de-be58-fdf73b3b7e08"],"disabled":true,"settings":{"enable_drawer":false,"space":50,"size":"medium","br_style":"none","brcolor":"#222222","sidebar_bdr":5,"sidebar_pd":10}},"custom_section_x6WtG6":{"type":"custom-section","blocks":{"bl_col_MC6er8":{"type":"bl_col","settings":{"col_dk":"12","col_dk_w":"33.33333","col_tb":"12","col_dk_w_tb":"33.33333","col_mb":"12","align_vertical":false,"content_align":"center","content_align_tablet":"center","content_align_mobile":"center","padding_inner":"","padding_inner_tb":"","padding_inner_mb":"","bg_cl":"rgba(0,0,0,0)"}},"custom_text_MbdhEP":{"type":"custom_text","settings":{"text":"Once your quote has been submitted, a sales representative will contact you in 2 business days. For immediate assistance call us at (806)-722-1225 or email us at CustomerService@TheDecorGroup.com","remove_br_tag_tb":false,"remove_br_tag_mb":true,"tag":"p","fontf":"inherit","text_cl":"#ffffff","text_fs":20,"text_lh":30,"text_fw":300,"text_ls":0,"font_italic":false,"text_shadow":false,"mgb":5,"text_fs_tb":20,"text_lh_tb":20,"text_ls_tb":0,"mgb_tb":10,"hidden_mobile":false,"text_fs_mb":20,"text_lh_mb":25,"text_ls_mb":0,"mgb_mb":10}},"liquid_mwNEkz":{"type":"liquid","settings":{"custom_liquid":"{% render 'four13_quote-form' %}"}}},"block_order":["bl_col_MC6er8","custom_text_MbdhEP","liquid_mwNEkz"],"settings":{"space_h_item":"30","space_v_item":"30","space_h_item_tb":"15","space_v_item_tb":"15","space_h_item_mb":"10","space_v_item_mb":"10","layout":"t4s-container-wrap","cl_bg":"","cl_bg_gradient":"","mg":",,50px,","pd":"","mg_tb":",,50px,","pd_tb":"","mg_mb":",,30px,","pd_mb":""}}},"order":["heading","main","sidebar-page","custom_section_x6WtG6"]}