{"sections":{"heading":{"type":"heading-dynamic","blocks":{"92ba55a1-d595-4ca7-b00d-e472dd234792":{"type":"1","settings":{"heading":"Timeline","tag":"h3","fontf":"2","text_cl":"#ffffff","text_fs":20,"text_lh":20,"text_fw":500,"text_ls":2,"mgb":0,"font_italic":false,"font_uppercase":false,"text_shadow":false,"text_fs_tb":20,"text_lh_tb":20,"text_ls_tb":2,"mgb_tb":-2,"hidden_mobile":false,"text_fs_mb":20,"text_lh_mb":20,"text_ls_mb":2,"mgb_mb":0}}},"block_order":["92ba55a1-d595-4ca7-b00d-e472dd234792"],"settings":{"image":"shopify:\/\/shop_images\/about-bg.jpg","parallax":true,"bg_overlay":"#000000","bg_opacity":54,"padding_top":50,"padding_bottom":50,"padding_top_tb":50,"padding_bottom_tb":50,"padding_top_mb":50,"padding_bottom_mb":50,"bg_pos":"center center","bg_repeat":"no-repeat","bg_size":"cover","mgb":50,"mgb_tb":50,"mgb_mb":50}},"main":{"type":"main-page","disabled":true,"settings":{"layout":"t4s-container-wrap","cl_bg":"","cl_bg_gradient":"","mg":"60px,,60px,","pd":"","mg_tb":",,50px,","pd_tb":"","mg_mb":",,30px,","pd_mb":""}},"1659629440d3109507":{"type":"timeline","blocks":{"1659629440d4fc3bac-0":{"type":"timeline","settings":{"image":"shopify:\/\/shop_images\/ins5.jpg","img_pos":"left","image_ratio":"ratioadapt","image_size":"cover","img_effect":"zoom","b_effect":"plus-zoom-overlay","step_label":"1999","sub_heading":"Condimentum fames egestas ad potenti","heading":"Lementum musat dignissim","description":"<p>Lorem Ipsum is simply dummy text of the printing and typesetting industry. Lorem Ipsum has been the industry's standard dummy text ever since the 1500s.<\/p>","url":"","btn_label":"Read more","btn_icon":false,"button_style":"default","btn_size":"large","btn_cl":"dark","button_effect":"default"}},"77b7d254-643a-473b-b41d-cb73ea47f7b7":{"type":"timeline","settings":{"image":"shopify:\/\/shop_images\/ins6.jpg","img_pos":"right","image_ratio":"ratioadapt","image_size":"cover","img_effect":"zoom","b_effect":"plus-zoom-overlay","step_label":"2000","sub_heading":"Condimentum fames egestas ad potenti","heading":"Lementum musat dignissim","description":"<p>Lorem Ipsum is simply dummy text of the printing and typesetting industry. Lorem Ipsum has been the industry's standard dummy text ever since the 1500s.<\/p>","url":"","btn_label":"Read more","btn_icon":false,"button_style":"default","btn_size":"large","btn_cl":"dark","button_effect":"default"}},"c88c1e89-44b7-4c41-81cc-fc2d97e8c819":{"type":"timeline","settings":{"image":"shopify:\/\/shop_images\/ins1.jpg","img_pos":"left","image_ratio":"ratioadapt","image_size":"cover","img_effect":"zoom","b_effect":"plus-zoom-overlay","step_label":"2001","sub_heading":"Condimentum fames egestas ad potenti","heading":"Lementum musat dignissim","description":"<p>Lorem Ipsum is simply dummy text of the printing and typesetting industry. Lorem Ipsum has been the industry's standard dummy text ever since the 1500s.<\/p>","url":"","btn_label":"Read more","btn_icon":false,"button_style":"default","btn_size":"large","btn_cl":"dark","button_effect":"default"}}},"block_order":["1659629440d4fc3bac-0","77b7d254-643a-473b-b41d-cb73ea47f7b7","c88c1e89-44b7-4c41-81cc-fc2d97e8c819"],"settings":{"design_heading":"1","heading_center":true,"top_heading":"","icon_heading":"las la-gem","top_subheading":"","tophead_mb":30,"tophead_mb_tb":30,"tophead_mb_mb":25,"line_style":"dashed","enable_shadow":false,"layout":"t4s-container-wrap","cl_bg":"","cl_bg_gradient":"","mg":",,50px,","pd":"","mg_tb":",,50px,","pd_tb":"","mg_mb":",,30px,","pd_mb":""}}},"order":["heading","main","1659629440d3109507"]}