{"sections":{"main":{"type":"main-page","disabled":true,"settings":{"layout":"t4s-container-wrap","cl_bg":"","cl_bg_gradient":"","mg":"","pd":"","mg_tb":",,50px,","pd_tb":"","mg_mb":",,30px,","pd_mb":""}},"heading":{"type":"heading-dynamic","blocks":{"19597bfc-5c00-4420-aec0-d72dde32a1e7":{"type":"1","settings":{"heading":"ABOUT US","tag":"h2","fontf":"1","text_cl":"#000000","text_fs":50,"text_lh":50,"text_fw":500,"text_ls":2,"mgb":10,"font_italic":false,"font_uppercase":false,"text_shadow":false,"text_fs_tb":50,"text_lh_tb":50,"text_ls_tb":2,"mgb_tb":10,"hidden_mobile":false,"text_fs_mb":40,"text_lh_mb":40,"text_ls_mb":2,"mgb_mb":10}}},"block_order":["19597bfc-5c00-4420-aec0-d72dde32a1e7"],"settings":{"image":"shopify:\/\/shop_images\/360_F_361960870_UW7evqdYC5VQloEmRJA3clZGQLq5Zauu.jpg","parallax":true,"bg_overlay":"#ffffff","bg_opacity":50,"padding_top":10,"padding_bottom":10,"padding_top_tb":10,"padding_bottom_tb":10,"padding_top_mb":10,"padding_bottom_mb":10,"bg_pos":"center top","bg_repeat":"no-repeat","bg_size":"cover","mgb":0,"mgb_tb":0,"mgb_mb":0}},"custom_section_7hQjJC":{"type":"custom-section","blocks":{"bl_col_rVCcr7":{"type":"bl_col","settings":{"col_dk":"12","col_dk_w":"33.33333","col_tb":"12","col_dk_w_tb":"33.33333","col_mb":"12","align_vertical":false,"content_align":"center","content_align_tablet":"center","content_align_mobile":"center","padding_inner":"30px,,30px","padding_inner_tb":"","padding_inner_mb":"","bg_cl":"rgba(0,0,0,0)"}},"custom_text_FqegR6":{"type":"custom_text","settings":{"text":"OUR STORY","remove_br_tag_tb":false,"remove_br_tag_mb":true,"tag":"h2","fontf":"1","text_cl":"#ebc878","text_fs":30,"text_lh":0,"text_fw":500,"text_ls":0,"font_italic":false,"text_shadow":false,"mgb":5,"text_fs_tb":30,"text_lh_tb":0,"text_ls_tb":0,"mgb_tb":10,"hidden_mobile":false,"text_fs_mb":30,"text_lh_mb":0,"text_ls_mb":0,"mgb_mb":10}},"custom_text_zLr84R":{"type":"custom_text","settings":{"text":"The Decor Group, Inc. has been a pioneer in the holiday decor industry since 1986. Our contact with tens of thousands of clients in North America gives us early insight into emerging trends and needs in the marketplace. Our extensive manufacturing relationships give us the ability to create new products quickly—giving our wholesale clients a distinct market advantage.","remove_br_tag_tb":false,"remove_br_tag_mb":true,"tag":"p","fontf":"inherit","text_cl":"#ffffff","text_fs":18,"text_lh":24,"text_fw":100,"text_ls":0,"font_italic":false,"text_shadow":false,"mgb":15,"text_fs_tb":18,"text_lh_tb":24,"text_ls_tb":0,"mgb_tb":10,"hidden_mobile":false,"text_fs_mb":18,"text_lh_mb":24,"text_ls_mb":0,"mgb_mb":10}}},"block_order":["bl_col_rVCcr7","custom_text_FqegR6","custom_text_zLr84R"],"settings":{"space_h_item":"30","space_v_item":"30","space_h_item_tb":"15","space_v_item_tb":"15","space_h_item_mb":"10","space_v_item_mb":"10","layout":"t4s-container-wrap","cl_bg":"","cl_bg_gradient":"","mg":"","pd":"","mg_tb":"","pd_tb":"","mg_mb":"20px,,20px,","pd_mb":""}},"timeline_73twqc":{"type":"timeline","blocks":{"timeline_eEijQ8":{"type":"timeline","settings":{"image":"shopify:\/\/shop_images\/barcana.png","img_pos":"left","image_ratio":"ratioadapt","image_size":"cover","img_effect":"none","b_effect":"none","step_label":"BARCANA","sub_heading":"","heading":"","description":"<p>Founded  in 1960, <strong>Barcana <\/strong>is a world leader in Christmas Trees, fiberglass figurines, translucent illuminations and commercial ornaments for the Christmas retail and wholesale industries. Driven by creativity, our goal is to provide clients with unique and elegant options that add Christmas ‘magic’ to their displays. Barcana’s exceptional quality and unparalleled product warranties offer a competitive edge to retailers and contractors.<\/p>","url":"","btn_label":"Read more","btn_icon":false,"button_style":"default","btn_size":"default","btn_cl":"dark","button_effect":"default"}},"timeline_ndVa34":{"type":"timeline","settings":{"image":"shopify:\/\/shop_images\/christmas.png","img_pos":"left","image_ratio":"ratioadapt","image_size":"cover","img_effect":"none","b_effect":"none","step_label":"CHRISTMAS DECOR","sub_heading":"","heading":"","description":"<p>For over 20 years, <strong>Christmas Decor<\/strong> professional holiday decorators have been brightening the Holiday Season for tens of thousands of highly satisfied customers. Our clients come to us for a professional, hassle-free experience, and enjoy brilliant results that give their property that special something for the holidays. As the premier holiday decorating and professional Christmas light installation company in North America, Christmas Decor Inc. provides our clients with captivating displays and exceptional service that are truly second to none.<\/p>","url":"","btn_label":"Read more","btn_icon":false,"button_style":"default","btn_size":"default","btn_cl":"dark","button_effect":"default"}},"timeline_cxNHpF":{"type":"timeline","settings":{"image":"shopify:\/\/shop_images\/nite.png","img_pos":"left","image_ratio":"ratioadapt","image_size":"cover","img_effect":"none","b_effect":"none","step_label":"NITE TIME DECOR","sub_heading":"","heading":"","description":"<p><strong>Nite Time Decor <\/strong>develops and manufactures top-tier quality, life-time warranty lighting products offered at factory-level pricing. They are the world’s premiere provider of outdoor lighting systems! With over 20 years experience, Nite Time Decor can help you turn your property into a showplace. Now control your landscape lights with our New RGBW MR 16 lamp. Using an iPhone, iPad or laptop, control your lights creating different effects, scenes, schedules; dim them whenever and however you may want from anywhere on the property.<\/p>","url":"","btn_label":"Read more","btn_icon":false,"button_style":"default","btn_size":"default","btn_cl":"dark","button_effect":"default"}},"timeline_PgQnqD":{"type":"timeline","settings":{"image":"shopify:\/\/shop_images\/permalites.png","img_pos":"left","image_ratio":"ratioadapt","image_size":"cover","img_effect":"none","b_effect":"none","step_label":"PERMALITES365","sub_heading":"","heading":"","description":"<p>The newest innovation in permanent lighting. These color-changing lights are individually addressable. Colors change by pixel along with motion such as waves, fade, ping pong, etc. These lights can be controlled locally or cloud-based (iPhone, computer, or Android). With a one-time, permanent installation, you can illuminate every occasion, event, or holiday from anywhere at any time from any web browser, smart phone or tablet using our cloud-based control solution.<\/p>","url":"","btn_label":"Read more","btn_icon":false,"button_style":"default","btn_size":"default","btn_cl":"dark","button_effect":"default"}}},"block_order":["timeline_eEijQ8","timeline_ndVa34","timeline_cxNHpF","timeline_PgQnqD"],"custom_css":["h2,p {color: white;}",".t4s-timeline-col-primary {background-color: black !important;}",".t4s-timeline-col {margin: 0;}",".t4s-timeline-col-secondary {background-color: #ffffff33 !important;}"],"settings":{"design_heading":"1","heading_center":true,"top_heading":"OUR BRANDS","icon_heading":"las la-gem","top_subheading":"","tophead_mb":30,"tophead_mb_tb":30,"tophead_mb_mb":25,"line_style":"dashed","enable_shadow":false,"layout":"t4s-container-wrap","cl_bg":"rgba(0,0,0,0)","cl_bg_gradient":"","mg":",,50px,","pd":"","mg_tb":",,50px,","pd_tb":"","mg_mb":",,30px,","pd_mb":""}},"sidebar-page":{"type":"sidebar-page","blocks":{"f69681ed-b75e-42de-be58-fdf73b3b7e08":{"type":"blog_cate","settings":{"title":"Blog categories","cat_link_list":"","count":true}}},"block_order":["f69681ed-b75e-42de-be58-fdf73b3b7e08"],"disabled":true,"settings":{"enable_drawer":false,"space":50,"size":"medium","br_style":"none","brcolor":"#222222","sidebar_bdr":5,"sidebar_pd":10}},"custom_section_z7rA4c":{"type":"custom-section","blocks":{"bl_col_Drpb9f":{"type":"bl_col","settings":{"col_dk":"12","col_dk_w":"33.33333","col_tb":"12","col_dk_w_tb":"33.33333","col_mb":"12","align_vertical":false,"content_align":"center","content_align_tablet":"center","content_align_mobile":"center","padding_inner":"","padding_inner_tb":"","padding_inner_mb":"","bg_cl":"rgba(0,0,0,0)"}},"custom_text_a66mzU":{"type":"custom_text","settings":{"text":"OUR MISSION","remove_br_tag_tb":false,"remove_br_tag_mb":true,"tag":"h2","fontf":"1","text_cl":"#ebc878","text_fs":30,"text_lh":0,"text_fw":500,"text_ls":0,"font_italic":false,"text_shadow":false,"mgb":5,"text_fs_tb":30,"text_lh_tb":0,"text_ls_tb":0,"mgb_tb":10,"hidden_mobile":false,"text_fs_mb":30,"text_lh_mb":0,"text_ls_mb":0,"mgb_mb":10}},"custom_text_gxJMCP":{"type":"custom_text","settings":{"text":"The Decor Group Brands provide premium quality products, comprehensive education and proven business systems that <br>help existing companies and entrepreneurs profitability add specialty services, product, and retail divisions to their organizations.\n<br><br>\nWe are committed to constant and never ending improvement in everything we do every day.","remove_br_tag_tb":false,"remove_br_tag_mb":true,"tag":"p","fontf":"inherit","text_cl":"#ffffff","text_fs":18,"text_lh":24,"text_fw":100,"text_ls":0,"font_italic":false,"text_shadow":false,"mgb":15,"text_fs_tb":18,"text_lh_tb":24,"text_ls_tb":0,"mgb_tb":10,"hidden_mobile":false,"text_fs_mb":18,"text_lh_mb":24,"text_ls_mb":0,"mgb_mb":10}},"bl_col_RhVcwE":{"type":"bl_col","settings":{"col_dk":"12","col_dk_w":"33.33333","col_tb":"12","col_dk_w_tb":"33.33333","col_mb":"12","align_vertical":false,"content_align":"center","content_align_tablet":"center","content_align_mobile":"center","padding_inner":"","padding_inner_tb":"","padding_inner_mb":"","bg_cl":"rgba(0,0,0,0)"}},"custom_text_VfKWtA":{"type":"custom_text","settings":{"text":"OUR VALUES","remove_br_tag_tb":false,"remove_br_tag_mb":true,"tag":"h2","fontf":"1","text_cl":"#ebc878","text_fs":30,"text_lh":0,"text_fw":500,"text_ls":0,"font_italic":false,"text_shadow":false,"mgb":5,"text_fs_tb":30,"text_lh_tb":0,"text_ls_tb":0,"mgb_tb":10,"hidden_mobile":false,"text_fs_mb":30,"text_lh_mb":0,"text_ls_mb":0,"mgb_mb":10}},"custom_text_Lpbehn":{"type":"custom_text","settings":{"text":"The Decor Group, Inc. is guided by relentless focus on our core values, and to help customers, vendors, <br>employees, and other stakeholders to reach and exceed their goals.<br> These are our code values:","remove_br_tag_tb":false,"remove_br_tag_mb":true,"tag":"p","fontf":"inherit","text_cl":"#ffffff","text_fs":18,"text_lh":24,"text_fw":100,"text_ls":0,"font_italic":false,"text_shadow":false,"mgb":15,"text_fs_tb":18,"text_lh_tb":24,"text_ls_tb":0,"mgb_tb":10,"hidden_mobile":false,"text_fs_mb":18,"text_lh_mb":24,"text_ls_mb":0,"mgb_mb":10}}},"block_order":["bl_col_Drpb9f","custom_text_a66mzU","custom_text_gxJMCP","bl_col_RhVcwE","custom_text_VfKWtA","custom_text_Lpbehn"],"settings":{"space_h_item":"15","space_v_item":"15","space_h_item_tb":"15","space_v_item_tb":"15","space_h_item_mb":"15","space_v_item_mb":"15","layout":"t4s-container-wrap","cl_bg":"","cl_bg_gradient":"","mg":"","pd":"","mg_tb":"20px,,20px,","pd_tb":"","mg_mb":"20px,,20px,","pd_mb":""}},"feature_columns_9ctCBJ":{"type":"feature-columns","blocks":{"text_block_UyYh84":{"type":"text_block","settings":{"enable_image":true,"image":"shopify:\/\/shop_images\/1.png","title":"CONSISTENCY","text":"<p>Being consistent is paramount in all we do. Our goal is to provide clarity of direction and reliable results, so stakeholders know what to expect.<\/p>","button_label":"","button_link":"","open_link":"_blank","btn_icon":false,"button_style":"default","btn_size":"default","btn_cl":"dark","button_effect":"fade"}},"text_block_mDMhrh":{"type":"text_block","settings":{"enable_image":true,"image":"shopify:\/\/shop_images\/2.png","title":"ACCOUNTABILITY","text":"<p>We will do our best to forecast, acknowledge and address issues to stay in front of them. We will always do our best to do the right thing.<\/p>","button_label":"","button_link":"","open_link":"_blank","btn_icon":false,"button_style":"default","btn_size":"default","btn_cl":"dark","button_effect":"fade"}},"text_block_Aw4KWN":{"type":"text_block","settings":{"enable_image":true,"image":"shopify:\/\/shop_images\/3.png","title":"RELEVANCE","text":"<p>We want to maintain relevance in the lives of our customers, vendors, and employees through the provision of support, training, investment, and creativity.<\/p>","button_label":"","button_link":"","open_link":"_blank","btn_icon":false,"button_style":"default","btn_size":"default","btn_cl":"dark","button_effect":"fade"}},"text_block_Y3DC4d":{"type":"text_block","settings":{"enable_image":true,"image":"shopify:\/\/shop_images\/4.png","title":"ETHICS","text":"<p>Through communication, strong relationships, and our actions, we will continue to build trust with our stakeholders.<\/p>","button_label":"","button_link":"","open_link":"_blank","btn_icon":false,"button_style":"default","btn_size":"default","btn_cl":"dark","button_effect":"fade"}}},"block_order":["text_block_UyYh84","text_block_mDMhrh","text_block_Aw4KWN","text_block_Y3DC4d"],"settings":{"design_heading":"1","heading_center":true,"top_heading":"","icon_heading":"las la-gem","top_subheading":"","tophead_mb":30,"tophead_mb_tb":30,"tophead_mb_mb":25,"text_align":"center","pos_text":"default","fs_title":25,"fs_text":18,"fs_title_tb":25,"fs_text_tb":18,"fs_title_mb":25,"fs_text_mb":18,"image_ratio":"ratioadapt","image_size":"contain","img_effect":"none","b_effect":"none","space":20,"round":0,"w_img":100,"layout_des":"2","col_dk":"4","col_tb":"4","col_mb":"1","space_h_item":"30","space_v_item":"30","space_h_item_tb":"15","space_v_item_tb":"15","space_h_item_mb":"10","space_v_item_mb":"10","loop":true,"au_time":4,"au_hover":false,"nav_btn":true,"btn_vi":"always","btn_owl":"default","btn_shape":"none","btn_cl":"light","btn_size":"small","btn_hidden_mobile":false,"nav_dot":true,"dot_owl":"default","dots_cl":"light","dots_round":true,"dots_space":10,"dots_hidden_mobile":false,"layout":"t4s-container-wrap","cl_bg":"","cl_bg_gradient":"","mg":"50px,,50px,","pd":"","mg_tb":",,50px,","pd_tb":"","mg_mb":",,30px,","pd_mb":""}},"1652060940154cd301":{"type":"our-team","blocks":{"165206094067bbb516-0":{"type":"member","settings":{"name":"IRON MAN","position":"Creative Director","social_facebook_link":"https:\/\/facebook.com\/","social_twitter_link":"https:\/\/twitter.com","social_instagram_link":"https:\/\/instagram.com","social_dribbble_link":"","social_behance_link":"https:\/\/behance.net\/","social_tiktok_link":""}},"165206094067bbb516-1":{"type":"member","settings":{"name":"CAPTAIN AMERICA","position":"Marketer\/Copyrighter","social_facebook_link":"https:\/\/facebook.com\/","social_twitter_link":"https:\/\/twitter.com\/","social_instagram_link":"https:\/\/instagram.com","social_dribbble_link":"https:\/\/dribbble.com","social_behance_link":"","social_tiktok_link":""}},"165206094067bbb516-2":{"type":"member","settings":{"name":"THOR LOKI","position":"Front end Developer","social_facebook_link":"https:\/\/facebook.com\/","social_twitter_link":"https:\/\/twitter.com","social_instagram_link":"https:\/\/instagram.com","social_dribbble_link":"","social_behance_link":"","social_tiktok_link":"https:\/\/tiktok.com\/"}}},"block_order":["165206094067bbb516-0","165206094067bbb516-1","165206094067bbb516-2"],"disabled":true,"settings":{"design_heading":"1","heading_center":true,"top_heading":"","icon_heading":"las la-gem","top_subheading":"","tophead_mb":30,"tophead_mb_tb":30,"tophead_mb_mb":25,"image_ratio":"ratio1_1","image_size":"cover","layout_des":"1","col_dk":"3","col_tb":"3","col_mb":"1","space_h_item":"30","space_v_item":"30","space_h_item_tb":"15","space_v_item_tb":"20","space_h_item_mb":"10","space_v_item_mb":"20","loop":true,"au_time":0,"au_hover":true,"nav_btn":false,"btn_vi":"hover","btn_owl":"default","btn_shape":"none","btn_cl":"dark","btn_size":"small","btn_hidden_mobile":true,"nav_dot":false,"dot_owl":"default","dots_cl":"dark","dots_round":true,"dots_space":10,"dots_hidden_mobile":false,"layout":"t4s-container-wrap","cl_bg":"","cl_bg_gradient":"","mg":",,100px,","pd":"","mg_tb":",,80px,","pd_tb":"","mg_mb":",,50px,","pd_mb":""}}},"order":["main","heading","custom_section_7hQjJC","timeline_73twqc","sidebar-page","custom_section_z7rA4c","feature_columns_9ctCBJ","1652060940154cd301"]}