{"sections":{"heading":{"type":"heading-static","blocks":{"7b5146f4-dbe6-43f0-8a48-d29d083c0176":{"type":"1","settings":{"tag":"h3","fontf":"2","text_cl":"#ffffff","text_fs":20,"text_lh":26,"text_fw":500,"text_ls":2,"mgb":0,"font_italic":false,"font_uppercase":false,"text_shadow":false,"text_fs_tb":20,"text_lh_tb":26,"text_ls_tb":2,"mgb_tb":0,"hidden_mobile":false,"text_fs_mb":20,"text_lh_mb":26,"text_ls_mb":2,"mgb_mb":0}}},"block_order":["7b5146f4-dbe6-43f0-8a48-d29d083c0176"],"settings":{"image":"shopify:\/\/shop_images\/shop-banner.jpg","parallax":false,"bg_overlay":"#000000","bg_opacity":54,"padding_top":50,"padding_bottom":50,"padding_top_tb":50,"padding_bottom_tb":50,"padding_top_mb":50,"padding_bottom_mb":50,"bg_pos":"center center","bg_repeat":"no-repeat","bg_size":"cover","mgb":0,"mgb_tb":0,"mgb_mb":0}},"main":{"type":"main-store-locator","blocks":{"2ce63f38-0ba2-4853-852b-537b0fe2eb33":{"type":"store","settings":{"heading":"1471 P St NW","latitude":"38.909882","longitude":"-77.034149","content":"<p>Washington' DC <br\/>(202) 234-7336<br\/>at 15th St NW<\/p>"}},"ebe283f8-17e8-4ea4-a66c-edb505cbef27":{"type":"store","settings":{"heading":"2221 I St NW","latitude":"38.900772","longitude":"-77.049766","content":"<p>Washington'\" DC<br\/>(202) 507-8357 <br\/>at 22nd St NW<\/p>"}},"ecd43add-2a22-46d3-884d-97e0962d9461":{"type":"store","settings":{"heading":"Ha Noi","latitude":"21.027763","longitude":"105.834160","content":"<p>Viet Nam<br\/>012345678<\/p>"}}},"block_order":["2ce63f38-0ba2-4853-852b-537b0fe2eb33","ebe283f8-17e8-4ea4-a66c-edb505cbef27","ecd43add-2a22-46d3-884d-97e0962d9461"],"settings":{"layout":"t4s-container-wrap","enable_searchbox":true,"style_map":"streets","mg":"60px,,60px,","pd":"","mg_tb":",,50px,","pd_tb":"","mg_mb":",,30px,","pd_mb":""}}},"order":["heading","main"]}