{"sections":{"heading":{"type":"heading-dynamic","blocks":{"e6d12271-5086-4fb8-bed4-c11cc1e6b7a0":{"type":"1","settings":{"heading":"Contact Us","tag":"h2","fontf":"1","text_cl":"#000000","text_fs":50,"text_lh":50,"text_fw":500,"text_ls":2,"mgb":0,"font_italic":false,"font_uppercase":false,"text_shadow":false,"text_fs_tb":50,"text_lh_tb":50,"text_ls_tb":2,"mgb_tb":0,"hidden_mobile":false,"text_fs_mb":40,"text_lh_mb":50,"text_ls_mb":2,"mgb_mb":0}}},"block_order":["e6d12271-5086-4fb8-bed4-c11cc1e6b7a0"],"settings":{"image":"shopify:\/\/shop_images\/360_F_361960870_UW7evqdYC5VQloEmRJA3clZGQLq5Zauu.jpg","parallax":true,"bg_overlay":"#ffffff","bg_opacity":50,"padding_top":10,"padding_bottom":10,"padding_top_tb":10,"padding_bottom_tb":10,"padding_top_mb":10,"padding_bottom_mb":10,"bg_pos":"center center","bg_repeat":"no-repeat","bg_size":"cover","mgb":0,"mgb_tb":0,"mgb_mb":0}},"main":{"type":"main-page","disabled":true,"settings":{"layout":"t4s-container-wrap","cl_bg":"","cl_bg_gradient":"","mg":"60px,,60px,","pd":"","mg_tb":",,50px,","pd_tb":"","mg_mb":",,30px,","pd_mb":""}},"1648884254eae8e0bd":{"type":"contact-form","blocks":{"bl_info_Da4NhR":{"type":"bl_info","settings":{"heading":"CONTACT INFORMATION","text":"<p>We love to hear from you on our customer service, merchandise, website or any topics you want to share with us. Your comments and suggestions will be appreciated. Please complete the form to begin.<\/p><br><p><i class=\"las la-home fs__16\"><\/i> 2301 Crown Ct Suite C Irving, Texas 75038<\/p><p><i class=\"las la-phone fs__16\"><\/i> 866-321-4077 \/ 972-427-1181<\/p><p><i class=\"las la-envelope fs__16\"><\/i> info@thedecorgroup.com<\/p><i class=\"las la-clock fs__16\"><\/i> Mon - Fri: 8am - 5pm<p><\/p>"}},"1648884254cd155bea-0":{"type":"bl_form","settings":{"heading":"DROP US A MESSAGE","enable_phone":true,"enable_full_btn":true,"button_style":"default","btn_size":"medium","btn_cl":"primary"}}},"block_order":["bl_info_Da4NhR","1648884254cd155bea-0"],"custom_css":["input {color: black;}","p {margin-bottom: 5px;}"],"settings":{"use_map":false,"map":"<iframe src=\"https:\/\/www.google.com\/maps\/embed?pb=!1m18!1m12!1m3!1d3154.8939060848147!2d144.81158271584684!3d-37.74563313792195!2m3!1f0!2f0!3f0!3m2!1i1024!2i768!4f13.1!3m3!1m2!1s0x6ad65fa6debeb781%3A0xe1d23f5d1759961e!2s184%20Main%20Rd%20E%2C%20St%20Albans%20VIC%203021%2C%20%C3%9Ac!5e0!3m2!1svi!2s!4v1618277125252!5m2!1svi!2s\" width=\"600\" height=\"450\" style=\"border:0;\" allowfullscreen=\"\" loading=\"lazy\"><\/iframe>","filter_gray_map":50,"layout":"t4s-container-wrap","cl_bg":"","cl_bg_gradient":"","mg":"100px,,20px,","pd":"","mg_tb":"50px,,50px,","pd_tb":"","mg_mb":"50px,,50px,","pd_mb":""}},"sidebar-page":{"type":"sidebar-page","disabled":true,"settings":{"enable_drawer":true,"space":50,"size":"medium","br_style":"none","brcolor":"#222222","sidebar_bdr":5,"sidebar_pd":10}},"custom_section_TdX3Nh":{"type":"custom-section","blocks":{"bl_col_7aFP9w":{"type":"bl_col","settings":{"col_dk":"12","col_dk_w":"33.33333","col_tb":"12","col_dk_w_tb":"33.33333","col_mb":"12","align_vertical":false,"content_align":"center","content_align_tablet":"center","content_align_mobile":"center","padding_inner":"","padding_inner_tb":"","padding_inner_mb":"","bg_cl":"rgba(0,0,0,0)"}},"html_tjNd7L":{"type":"html","settings":{"html_content":"<div class=\"mapouter\">\n<div class=\"gmap_canvas\">\n<iframe class=\"gmap_iframe\" width=\"100%\" frameborder=\"0\" scrolling=\"no\" marginheight=\"0\" marginwidth=\"0\" src=\"https:\/\/maps.google.com\/maps?width=898&amp;height=448&amp;hl=en&amp;q=2301%20Crown%20Ct%20Suite%20C,%20Irving,%20TX%2075038,%20United%20States&amp;t=&amp;z=17&amp;ie=UTF8&amp;iwloc=B&amp;output=embed\"><\/iframe><a href=\"https:\/\/strandsgame.net\/\">Strands Game<\/a>\n<\/div>\n<style>.mapouter{position:relative;text-align:right;width:100%;height:448px;}.gmap_canvas {overflow:hidden;background:none!important;width:100%;height:448px;}.gmap_iframe {height:448px!important;}<\/style>\n<\/div>","hidden_mobile":false}}},"block_order":["bl_col_7aFP9w","html_tjNd7L"],"settings":{"space_h_item":"30","space_v_item":"30","space_h_item_tb":"15","space_v_item_tb":"15","space_h_item_mb":"10","space_v_item_mb":"10","layout":"t4s-container-wrap","cl_bg":"","cl_bg_gradient":"","mg":",,50px,","pd":"","mg_tb":",,50px,","pd_tb":"","mg_mb":",,30px,","pd_mb":""}}},"order":["heading","main","1648884254eae8e0bd","sidebar-page","custom_section_TdX3Nh"]}