{"sections":{"heading":{"type":"heading-dynamic","blocks":{"eed384c6-e91e-40f7-8a04-f00faed20bdd":{"type":"1","settings":{"heading":"Brands","tag":"h3","fontf":"2","text_cl":"#ffffff","text_fs":20,"text_lh":26,"text_fw":500,"text_ls":1.8,"mgb":0,"font_italic":false,"font_uppercase":false,"text_shadow":false,"text_fs_tb":20,"text_lh_tb":26,"text_ls_tb":2,"mgb_tb":0,"hidden_mobile":false,"text_fs_mb":20,"text_lh_mb":26,"text_ls_mb":2,"mgb_mb":0}}},"block_order":["eed384c6-e91e-40f7-8a04-f00faed20bdd"],"settings":{"image":"shopify:\/\/shop_images\/about-bg.jpg","parallax":false,"bg_overlay":"#000000","bg_opacity":54,"padding_top":50,"padding_bottom":50,"padding_top_tb":50,"padding_bottom_tb":50,"padding_top_mb":50,"padding_bottom_mb":50,"bg_pos":"center center","bg_repeat":"no-repeat","bg_size":"cover","mgb":0,"mgb_tb":0,"mgb_mb":0}},"1648874226829fc9d5":{"type":"main-pagebrands","settings":{"options":"linklist","link_list":"t4_brands_page","layout":"t4s-container-wrap","cl_bg":"","cl_bg_gradient":"","mg":"50px,,50px,","pd":"","mg_tb":"50px,,50px,","pd_tb":"","mg_mb":"50px,,50px,","pd_mb":""}},"main":{"type":"main-page","disabled":true,"settings":{"layout":"t4s-container-wrap","cl_bg":"","cl_bg_gradient":"","mg":"60px,,60px,","pd":"","mg_tb":",,50px,","pd_tb":"","mg_mb":",,30px,","pd_mb":""}}},"order":["heading","1648874226829fc9d5","main"]}