{"sections":{"breadcrumb":{"type":"brc-nav-product","settings":{"breadcrumb_pr":true,"back_next_pr":true,"cl_bg":"#ebc878","cl_link":"#000000"}},"main":{"type":"main-product","blocks":{"meta":{"type":"meta","settings":{"show_options":false,"show_vendor":false,"show_type":false,"show_sku":true,"show_message":true,"show_barcode":false,"show_available":false,"show_category":false,"show_tags":false}},"title":{"type":"title","settings":{"txt_tr_pr":"none","fnt_df_pr":"1","size_pr":30,"fw_pr":600,"lh_pr":30,"ls_pr":0,"pr_title_color":"#ffffff"}},"price_review":{"type":"price_review","settings":{"use_border":true,"border_color":"#e5e5e5","price":"0","type_sale":"0","tax_ship":false,"size_price_pr":22,"fw_price_pr":400,"primary_price_color":"#ffffff","secondary_price_color":"#ebc878","price_sale":"#ec0101","show_available":true,"show_inline":true,"primary_stock_color":"#ffffff","secondary_stock_color":"#ebc878","rating":true,"review_liquid":""}},"description":{"type":"description","settings":{"des":"1","text":"<p>Product Use: <\/p>","length":31,"readm":true,"readm_txt":"Read more"}},"form":{"type":"form","settings":{"selector_mode":"circle","color_mode":"color is-sw-cl__round","enable_fit_ratio_img":false,"color_size":"medium","show_qty":true,"enable_wishlist":true,"enable_compare":true,"btn_atc_full":true,"pr_btn_round":0,"wishlist_color":"#ffffff","wishlist_color_hover":"#ebc878","wishlist_color_active":"#fa0000","compare_color":"#222222","compare_color_hover":"#b59677","compare_color_active":"#000000","ani":"t4s-ani-shake","time":6,"btn_txt":"3","btn_icon":true,"button_style":"default","button_color":"primary","button_effect":"sweep-to-top","show_dynamic_checkout":false,"btn_txt2":"3","button_color_payment":"dark","show_gift_card_recipient":true,"product_list":[],"show_product_current":false,"qty_val":"0","advance_label":"Choose Variant","advance_pr_list":"{{ product.metafields.custom.product_variant_group.value }}"}},"custom_liquid_BXdP8k":{"type":"custom_liquid","settings":{"custom_liquid":"{% render 'four13_quote-form' %}"}},"95d4f334-8ea7-4cd2-b609-2373b1e848b8":{"type":"tab_des","settings":{"title":"Product Description"}},"tab_html_XjpjTh":{"type":"tab_html","settings":{"title":"Product Details","content":"","page":""}},"custom_liquid_PKkpKL":{"type":"custom_liquid","settings":{"custom_liquid":"Product Weight: {{ product.variants.first.weight | weight_with_unit }}"}}},"block_order":["meta","title","price_review","description","form","custom_liquid_BXdP8k","95d4f334-8ea7-4cd2-b609-2373b1e848b8","tab_html_XjpjTh","custom_liquid_PKkpKL"],"custom_css":[".t4s-tabs-pr-ul a {background: #ebc878;}",".t4s-tabs-pr-ul a.t4s-active,.t4s-tabs-pr-ul a:hover {background: none;}",".t4s-tab__text {color: black;}",".t4s-product-tabs-wrapper {border: 1px solid #ebc878;}",".t4s-product-form__buttons {margin-top: 20px;}"],"settings":{"pr_layout":"default","enable_sticky_info":true,"media_layout":"thumbnails_left","media_size":"medium","thumb_lr_size":"medium","image_ratio":"ratio1_1","image_size":"cover","image_position":"8","main_click":"zoom","zoom_tp":"external","enable_zoom_icon":true,"enable_zoom_click_mb":true,"enable_video_looping":false,"enable_video_muting":true,"enable_video_autoplaying":true,"eff":"fade","nav_btn":true,"btn_vi":"always","btn_owl":"outline","btn_shape":"round","btn_cl":"dark","btn_size":"small","btn_hidden_mobile":false,"nav_dot":false,"dot_owl":"default","dots_cl":"dark","dots_round":true,"dots_space":10,"dots_hidden_mobile":false,"tabs_design":"tab","tabs_accordion_mb":true,"tabs_position":"external","enable_first_tab":false,"tabs_layout":"default","bg":"#000000","bg_mb":"#ffffff","product_list":[],"sticky_mode":"0","sticky_show":"1","sticky_layout_mb":"minimal","enable_select":true,"ani":"none","time":6}},"sidebar":{"type":"sidebar-product","blocks":{"f01b181b-62ee-4735-8e25-32cb71ccfaba":{"type":"category","settings":{"heading":"Product categories","cat_source":"1","cat_link_list":"","count":true}},"f65f464b-9487-43be-9c91-8688a098bb6f":{"type":"collection","settings":{"heading":"Sale products","collection":"frontpage","limit_pr":5,"image_ratio":"t4s_ratioadapt","image_size":"t4s_cover","image_position":"t4s_position_8"}},"83340bb8-58d2-4148-89e2-a4c7a01cf792":{"type":"instagram","settings":{"heading":"Instagram","mode":"2","acc":"","limit":12,"open_link":"_blank","round":0,"col_dk":"3","space_item":"6"}},"9ce9ded8-1cef-4e32-b98b-47364ffa328c":{"type":"shipping","settings":{"title":"Shipping & Delivery","shipping_1":"las la-truck,FREE SHIPPING,Free shipping for all US order","shipping_2":"las la-headset,SUPPORT 24\/7,We support 24 hours a day","shipping_3":"las la-exchange-alt,30 DAYS RETURN,You have 30 days to return","shipping_4":"","shipping_5":"","shipping_6":""}},"4a9c6ae8-f3b4-4192-a6d1-82d01670bce6":{"type":"image","settings":{"heading":"","img_effect":"none","b_link":"","open_link":"_self","content_align":"center","date":"2023\/12\/26","cdt_des":"2","countdown_pos":"2","cdt_size":"medium","box_bdr":0,"bd_width":0,"space_item":10,"number_cl":"#ffffff","text_cl":"#ffffff","border_cl":"#000000","bg_cl":"#000000"}}},"block_order":["f01b181b-62ee-4735-8e25-32cb71ccfaba","f65f464b-9487-43be-9c91-8688a098bb6f","83340bb8-58d2-4148-89e2-a4c7a01cf792","9ce9ded8-1cef-4e32-b98b-47364ffa328c","4a9c6ae8-f3b4-4192-a6d1-82d01670bce6"],"disabled":true,"settings":{"enable_drawer":true,"space":50,"size":"medium","br_style":"none","brcolor":"#222222","sidebar_bdr":5,"sidebar_pd":10}},"product-recommendations":{"type":"product-recommendations","settings":{"show":true,"design_heading":"1","heading_center":true,"top_heading":"Customers who bought this item also bought","icon_heading":"las la-gem","top_subheading":"","tophead_mb":30,"tophead_mb_tb":30,"tophead_mb_mb":25,"product_des":"2","show_vendor":false,"use_cdt":false,"limit":6,"display_type":"1","image_ratio":"ratio1_1","image_size":"nt_cover","image_position":"8","content_align":"center","col_dk":"4","col_tb":"4","col_mb":"2","space_h_item":"30","space_v_item":"30","space_h_item_tb":"15","space_v_item_tb":"15","space_h_item_mb":"10","space_v_item_mb":"10","layout_des":"2","loop":true,"au_time":0,"au_hover":true,"nav_btn":true,"btn_vi":"hover","btn_owl":"outline","btn_shape":"round","btn_cl":"dark","btn_size":"small","btn_hidden_mobile":false,"nav_dot":false,"dot_owl":"1","dots_cl":"dark","dots_round":true,"dots_space":10,"dots_hidden_mobile":false,"layout":"t4s-container-wrap","cl_bg":"","cl_bg_gradient":"","mg":"75px,,50px,","pd":"","mg_tb":",,50px,","pd_tb":"","mg_mb":",,30px,","pd_mb":""}},"recently-viewed-products":{"type":"recently_viewed","settings":{"show":true,"design_heading":"1","heading_center":true,"top_heading":"RECENTLY VIEWED PRODUCTS","icon_heading":"las la-gem","top_subheading":"","tophead_mb":30,"tophead_mb_tb":30,"tophead_mb_mb":25,"product_des":"2","show_vendor":false,"use_cdt":false,"limit":14,"sortby":"1","unavailable_prs":"hide","image_ratio":"ratio1_1","image_size":"cover","image_position":"8","content_align":"center","col_dk":"4","col_tb":"4","col_mb":"2","space_h_item":"30","space_v_item":"30","space_h_item_tb":"15","space_v_item_tb":"15","space_h_item_mb":"10","space_v_item_mb":"10","layout_des":"2","loop":true,"au_time":0,"au_hover":true,"nav_btn":true,"btn_vi":"hover","btn_owl":"outline","btn_shape":"round","btn_cl":"dark","btn_size":"small","btn_hidden_mobile":false,"nav_dot":false,"dot_owl":"default","dots_cl":"dark","dots_round":true,"dots_space":10,"dots_hidden_mobile":false,"layout":"t4s-container-wrap","cl_bg":"","cl_bg_gradient":"","mg":"75px,,50px,","pd":"","mg_tb":",,50px,","pd_tb":"","mg_mb":",,30px,","pd_mb":""}}},"order":["breadcrumb","main","sidebar","product-recommendations","recently-viewed-products"]}